INDEX,BRANCH_ID,BRANCH_NAME,CATEGORY_ID,SUBCATEGORY_ID,ASSET_DESCRIPTION,ASSET_MANUFACTURER,ASSET_TAGS,ASSET_TYPE,SERVICE_TYPE,STATUS
1,11200,AA,COMPUTER ,CPU,VERITON M200-H61 Series,ACER,UDVD9SI1217C4140736,,WARRANTY,
2,11200,AA,COMPUTER ,CPU,VERITON M200-H61 Series,ACER,UDVD9SI1217C4140737,,WARRANTY,
3,11200,AA,COMPUTER ,MONITOR,ACER/V193HQVB 18.5H,ACER,MMLKXSS001233036114302,,WARRANTY,
4,11200,AA,COMPUTER ,MONITOR,ACER/V193HQVB 18.5H,ACER,MMLKXSS00123303E104302,,WARRANTY,
5,11200,CUDDALORE(HO) BRANCH,COMPUTER ,MONITOR,VERITON M200-G41 Series,ACER,AOCCHDNA4701505Q,,AMC,
6,11235,ANNAMALAI NAGAR,COMPUTER ,CPU,Vostro 200s Seris,DELL,87782BS,,AMC,WORKING
7,11235,ANNAMALAI NAGAR,COMPUTER ,CPU,Vostro 200s Seris,DELL,BIBQ2BS,,AMC,WORKING
8,11235,ANNAMALAI NAGAR,PRINTER,DOT MATRIX,Epson LQ 1310,EPSON,TRMY009575,,,WORKING
9,11235,ANNAMALAI NAGAR,COMPUTER ,MONITOR,DELL/CQCO8701024216,DELL,CN-OMO55F-74261-895-03GS,,AMC,WORKING
10,11235,ANNAMALAI NAGAR,COMPUTER ,MONITOR,DELL/CQCO8701024216,DELL,CN-OMO55F-74261-8BO-9GYU,,AMC,WORKING
11,11235,ANNAMALAI NAGAR,PRINTER,PASS BOOK DMP,PLQ-20,EPSON,RJLY080057,,AMC,WORKING
12,11202,ANNAMALAI NAGAR,SCANNER,SCANNER,J232A,EPSON V39,VCJY000137,,AMC,WORKING
13,11200,CUDDALORE(HO),UPS,UPS,UPS 3000,NUMERIC,II101109701Q,,AMC,
14,11235,ANNAMALAI NAGAR,COMPUTER ,CPU,VERITON M200-H61 Series,ACER,UDVD9SI1217C4140641,,WARRANTY,WORKING
15,11235,ANNAMALAI NAGAR,COMPUTER ,MONITOR,ACER/V193HQVB 18.5H,ACER,MMLKXSS0012330368A4302,,WARRANTY,WORKING
16,11202,BHUVANAGIRI,PRINTER,DOT MATRIX,LQ-1150II,EPSON,JSKY020484,,AMC,
17,11202,BHUVANAGIRI,SWITCH,24 PORT,DX5024WS 10/100 Mbps,DAX,E5024WS-08-28-000244,,NOT AMC,WORKING
18,11202,BHUVANAGIRI,SWITCH,24 PORT,,NET,,,NOT AMC,WORKING
19,11202,BHUVANAGIRI,9URACK,9URACK,9URACK WALL MOUNTING,DAX,DAX9URACK004,,AMC,WORKING
20,11202,BHUVANAGIRI,Camera,Camera,appraiser,,,,,WORKING
21,11202,BHUVANAGIRI,Camera,Camera,casher,,,,,WORKING
22,11202,BHUVANAGIRI,Camera,Camera,Customer,,,chager problem,,NOT WORKING
23,11202,BHUVANAGIRI,Camera,Camera,customer 2,,,,,WORKING
24,11202,BHUVANAGIRI,Camera,Camera,outdoor 1,,,,,WORKING
25,11202,BHUVANAGIRI,Camera,Camera,outdoor 2,,,chager problem,,NOT WORKING
26,11202,BHUVANAGIRI,Camera,Camera,safe,,,,,NOT WORKING
27,11202,BHUVANAGIRI,COMPUTER ,CPU,Vostro 200s Seris,DELL,655Q2BS,,AMC,WORKING
28,11202,BHUVANAGIRI,COMPUTER ,CPU,Vostro 200s Seris,DELL,72DQ2BS,,AMC,WORKING
29,11202,BHUVANAGIRI,COMPUTER ,CPU,Vostro 200s Seris,DELL,F5BQ2BS,,AMC,WORKING
30,11202,BHUVANAGIRI,PRINTER,DOT MATRIX,Epson LQ 1310,EPSON,TRMY009574,,,WORKING
31,11202,BHUVANAGIRI,PRINTER,DOT MATRIX,LQ-1150II,EPSON,JSKY019375,STORE,AMC,NOT WORKING
32,11202,BHUVANAGIRI,PRINTER,DOT MATRIX,MSP 245,TVS,20042601041,STORE,,NOT WORKING
33,11202,BHUVANAGIRI,PRINTER,DOT MATRIX,MSP 355 MARATHON,TVS,HBO3PD000363,STORE,AMC,NOT WORKING
34,11202,BHUVANAGIRI,PRINTER,DOT MATRIX,MSP 355 MARATHON,TVS,HBO3PD000461,,AMC,WORKING
35,11202,BHUVANAGIRI,PRINTER,DOT MATRIX,MSP 355 MARATHON,TVS,HBO3PD000538,STORE,AMC,NOT WORKING
36,11202,BHUVANAGIRI,PRINTER,DOT MATRIX,MSP455XLCLASSIC,TVS,KBL45D000777,STORE,AMC,NOT WORKING
37,11202,BHUVANAGIRI,COMPUTER ,MONITOR,DELL/CQCO8701024216,DELL,CN-OMO55F-74261-8BB-83RU,,AMC,WORKING
38,11202,BHUVANAGIRI,COMPUTER ,MONITOR,DELL/CQCO8701024216,DELL,CN-OMO55F-74261-8BO-9C7U,,AMC,WORKING
39,11202,BHUVANAGIRI,COMPUTER ,MONITOR,DELL/CQCO8701024216,DELL,CN-OMO55F-74261-8BR-9A4U,,AMC,WORKING
40,11202,BHUVANAGIRI,PRINTER,PASS BOOK DMP,PLQ-20,EPSON,G5AY013089,,AMC,WORKING
41,11202,BHUVANAGIRI,SCANNER,SCANNER,J232A,EPSON V30,KRZW008999,,AMC,WORKING
42,11251,NEYVELI (29) BLOCK,UPS,UPS,UPS 3000,NUMERIC,II140100963,,WARRANTY,STIFFTED TO MAIN BAZER
43,11202,BHUVANAGIRI,COMPUTER ,CPU,VERITON M200-G41 Series,ACER,AW142GT014A522356LE,,AMC,WORKING
44,11202,BHUVANAGIRI,COMPUTER ,MONITOR,VERITON M200-G41 Series,ACER,AOCCHDNA4701451,,AMC,WORKING
45,11233,CHIDHAMBARAM,9URACK,9URACK,9URACK WALL MOUNTING,DAX,DAX9URACK018,,AMC,WORKING
46,11233,CHIDHAMBARAM,Camera,Camera,appraiser,,,,,WORKING
47,11233,CHIDHAMBARAM,Camera,Camera,casher,,,,,WORKING
48,11233,CHIDHAMBARAM,Camera,Camera,Customer,,,,,WORKING
49,11233,CHIDHAMBARAM,Camera,Camera,customer 2,,,camera problem,,NOT WORKING
50,11233,CHIDHAMBARAM,Camera,Camera,outdoor 1,,,,,WORKING
51,11233,CHIDHAMBARAM,Camera,Camera,safe,,,,,WORKING
52,11233,CHIDHAMBARAM,COMPUTER ,CPU,SERVER /HP ML350G6,HP,SGH949X328,,AMC,WORKING
53,11233,CHIDHAMBARAM,COMPUTER ,CPU,Vostro 200s Seris,DELL,32DQ2BS,,AMC,WORKING
54,11233,CHIDHAMBARAM,COMPUTER ,CPU,Vostro 200s Seris,DELL,3M4Q2BS,,AMC,WORKING
55,11233,CHIDHAMBARAM,COMPUTER ,CPU,Vostro 200s Seris,DELL,92DQ2BS,,AMC,WORKING
56,11233,CHIDHAMBARAM,COMPUTER ,CPU,Vostro 200s Seris,DELL,B94Q2BS,,AMC,WORKING
57,11233,CHIDHAMBARAM,COMPUTER ,CPU,Vostro 200s Seris,DELL,C3BQ2BS,,AMC,WORKING
58,11233,CHIDHAMBARAM,COMPUTER ,CPU,Vostro 200s Seris,DELL,FL4Q2BS,,AMC,WORKING
59,11233,CHIDHAMBARAM,COMPUTER ,CPU,Vostro 200s Seris,DELL,H4DQ2BS,,AMC,WORKING
60,11233,CHIDHAMBARAM,PRINTER,DOT MATRIX,Epson LQ 1310,EPSON,TRMY009577,,,WORKING
61,11233,CHIDHAMBARAM,PRINTER,DOT MATRIX,LQ-1150II,EPSON,JSKY019383,STORE,AMC,NOT WORKING
62,11233,CHIDHAMBARAM,PRINTER,DOT MATRIX,LQ-1150II,EPSON,JSKY019680,STORE,AMC,NOT WORKING
63,11233,CHIDHAMBARAM,PRINTER,DOT MATRIX,MSP455XLCLASSIC,TVS,KBL45D000768,,AMC,WORKING
64,11233,CHIDHAMBARAM,PRINTER,DOT MATRIX,MSP455XLCLASSIC,TVS,KBL45D000779,,AMC,WORKING
65,11233,CHIDHAMBARAM,COMPUTER ,MONITOR,DELL/CQCO8701024216,DELL,CN-OMO55F-74261-88R-3LJS,,AMC,WORKING
66,11233,CHIDHAMBARAM,COMPUTER ,MONITOR,DELL/CQCO8701024216,DELL,CN-OMO55F-74261-88R-IKKS-AOO,,AMC,WORKING
67,11233,CHIDHAMBARAM,COMPUTER ,MONITOR,DELL/CQCO8701024216,DELL,CN-OMO55F-74261-88R-IKKS-AOQ,,AMC,WORKING
68,11233,CHIDHAMBARAM,COMPUTER ,MONITOR,DELL/CQCO8701024216,DELL,CN-OMO55F-74261-8BB-7UMU,,AMC,WORKING
69,11233,CHIDHAMBARAM,COMPUTER ,MONITOR,SERVER /HP ML350G6,MICROSTAR,196XM090600730,,AMC,WORKING
70,11233,CHIDHAMBARAM,COMPUTER ,MONITOR,DELL/CQCO8701024216,DELL,CN-OMO55F-74261-8BK-14GU,,AMC,WORKING
71,11233,CHIDHAMBARAM,COMPUTER ,MONITOR,DELL/CQCO8701024216,DELL,CN-OMO55F-74261-8BO-7W7U,,AMC,WORKING
72,11233,CHIDHAMBARAM,COMPUTER ,MONITOR,DELL/CQCO8701024216,DELL,CN-OMO55F-74261-8BO-974U,,AMC,WORKING
73,11233,CHIDHAMBARAM,PRINTER,PASS BOOK DMP,PLQ-20,EPSON,G5AY013166,,AMC,WORKING
74,11233,CHIDHAMBARAM,SCANNER,SCANNER,J232A,EPSON V30,KRZW008992,,AMC,WORKING
75,11233,CHIDHAMBARAM,SWITCH,SWITCH 24 PORT,,NET,,,AMC,WORKING
76,11233,CHIDHAMBARAM,SWITCH,SWITCH 24 PORT,TEH1224,TENDA,E1225010232000099,,AMC,WORKING
77,11200,STORE,UPS,UPS,UPS 5000,KELTRON,200811429,,AMC,miss
78,11233,CHIDHAMBARAM,COMPUTER ,CPU,ACER POWER SERIES,ACER,AWI42GT014A522353LE,,AMC,WORKING
79,11233,CHIDHAMBARAM,COMPUTER ,MONITOR,VERITON M200-G41 Series,ACER,AOCCHDNA4701394,,AMC,WORKING
80,11200,CUDDALORE(HO),COMPUTER ,CPU,VERITON M200-H61 Series,ACER,UDVD9SI1217C4140726,,WARRANTY,
81,11215,CUDDALORE OT,COMPUTER ,CPU,Vostro 200s Seris,DELL,S2BSM7B,,AMC,WORKING
82,11215,CUDDALORE OT,COMPUTER ,MONITOR,DELL/CQCO8701024216,DELL,CN-OMO55F-74261-891-6AESQ,,AMC,
83,11215,CUDDALORE OT,SWITCH,24 PORT,DX5024WS 10/100 Mbps,DLINK,DLINK 24 PORT,,NOT AMC,WORKING
84,11215,CUDDALORE OT,9URACK,9URACK,9URACK WALL MOUNTING,DAX,DAX9URACK010,,AMC,WORKING
85,11215,CUDDALORE OT,Camera,Camera,appraiser,,,,,WORKING
86,11215,CUDDALORE OT,Camera,Camera,casher,,,,,WORKING
87,11215,CUDDALORE OT,Camera,Camera,Customer,,,,,WORKING
88,11215,CUDDALORE OT,Camera,Camera,outdoor 1,,,,,WORKING
89,11215,CUDDALORE OT,Camera,Camera,outdoor 2,,,,,WORKING
90,11215,CUDDALORE OT,Camera,Camera,safe,,,,,WORKING
91,11215,CUDDALORE OT,COMPUTER ,CPU,Vostro 200s Seris,DELL,355Q2BS,,AMC,WORKING
92,11215,CUDDALORE OT,COMPUTER ,CPU,Vostro 200s Seris,DELL,61BQ2BS,,AMC,WORKING
93,11215,CUDDALORE OT,COMPUTER ,CPU,Vostro 200s Seris,DELL,87GQ2BS,,AMC,WORKING
94,11215,CUDDALORE OT,PRINTER,DOT MATRIX,Epson LQ 1310,EPSON,TRMY009594,,,WORKING
95,11215,CUDDALORE OT,PRINTER,DOT MATRIX,LQ-1150II,EPSON,JSKY019378,STORE,AMC,NOT WORKING
96,11215,CUDDALORE OT,PRINTER,DOT MATRIX,LQ-1150II,EPSON,JSKY019679,STORE,AMC,NOT WORKING
97,11215,CUDDALORE OT,PRINTER,DOT MATRIX,MSP455XLCLASSIC,TVS,KBL45D000830,,AMC,WORKING
98,11215,CUDDALORE OT,COMPUTER ,MONITOR,DELL/CQCO8701024216,DELL,CN-OMO55F-74261-88R-0KMS-A00,,AMC,WORKING
99,11215,CUDDALORE OT,COMPUTER ,MONITOR,DELL/CQCO8701024216,DELL,CN-OMO55F-74261-891-6AES,,AMC,WORKING
100,11215,CUDDALORE OT,COMPUTER ,MONITOR,DELL/CQCO8701024216,DELL,CN-OMO55F-74261-8B0-97JU,,AMC,WORKING
101,11215,CUDDALORE OT,PRINTER,PASS BOOK DMP,PLQ-20,EPSON,G5AY013171,,AMC,WORKING
102,11215,CUDDALORE OT,SCANNER,SCANNER,J232A,EPSON V30,KRZW008351,,AMC,WORKING
103,11215,CUDDALORE OT,SWITCH,SWITCH 24 PORT,TEG1024D,TENDA,E1064011231000139,,AMC,WORKING
104,11226,THIRUPPADHIRIPULIYUR,UPS,UPS,UPS 5000,KELTRON,200811432,,AMC,miss
105,11215,CUDDALORE OT,COMPUTER ,CPU,ACER POWER SERIES,ACER,AWI42GT014A522354LE,,AMC,WORKING
106,11215,CUDDALORE OT,COMPUTER ,MONITOR,ACER POWER SERIES,ACER,ETLF408065008051704221,,AMC,WORKING
107,11200,CUDDALORE(HO),PRINTER,DOT MATRIX,LQ-1150II,EPSON,JSKY019684,,AMC,
108,11200,CUDDALORE(HO),PRINTER,LASER,LASERJET ,SAMSUNG,AR67BKES200551H,,AMC,WORKING
109,11252,VEPPUR,UPS,UPS,UPS 2000,NUMERIC,I070200110Q shiffited to HO,,AMC,WORKING
110,11200,CUDDALORE(HO),SWITCH,24 PORT,DX5024WS 10/100 Mbps,DLINK,,,NOT AMC,WORKING
111,11200,CUDDALORE(HO),SWITCH,24 PORT,DX5024WS 10/100 Mbps,DLINK,,,NOT AMC,WORKING
112,11200,CUDDALORE(HO),SWITCH,24 PORT,DX5024WS 10/100 Mbps,DLINK,,,NOT AMC,WORKING
113,11200,CUDDALORE(HO),SWITCH,24 PORT,DX5024WS 10/100 Mbps,DLINK,,,NOT AMC,WORKING
114,11200,CUDDALORE(HO),9URACK,9URACK,9URACK WALL MOUNTING,DAX,DAX9URACK001,,AMC,WORKING
115,11200,CUDDALORE(HO),9URACK,9URACK,9URACK WALL MOUNTING,DAX,DAX9URACK002,,AMC,WORKING
116,11200,CUDDALORE(HO),COMPUTER ,CPU,Vostro 200s Seris,DELL,62BQ2BS,,AMC,WORKING
117,11200,CUDDALORE(HO),COMPUTER ,CPU,Vostro 200s Seris,DELL,JN7S2BS,,AMC,WORKING
118,11200,CUDDALORE(HO),COMPUTER ,CPU,Vostro 200s Seris,DELL,J55Q2BS,,AMC,WORKING
119,11200,CUDDALORE(HO),COMPUTER ,CPU,Vostro 200s Seris,DELL,C1BQ2BS,,AMC,WORKING
120,11200,CUDDALORE(HO),COMPUTER ,CPU,Vostro 200s Seris,DELL,8J4Q2BS,,AMC,WORKING
121,11200,CUDDALORE(HO),COMPUTER ,CPU,Vostro 200s Seris,DELL,6R7Q2BS,,AMC,WORKING
122,11200,CUDDALORE(HO),COMPUTER ,CPU,Vostro 200s Seris,DELL,6DKQ2BS,,AMC,WORKING
123,11200,CUDDALORE(HO),COMPUTER ,CPU,Vostro 200s Seris,DELL,5XFQ2BS,,AMC,WORKING
124,11200,CUDDALORE(HO),COMPUTER ,CPU,Vostro 200s Seris,DELL,5D4Q2BS,,AMC,WORKING
125,11200,CUDDALORE(HO),COMPUTER ,CPU,Vostro 200s Seris,DELL,57DS2BS,,AMC,WORKING
126,11200,CUDDALORE(HO),COMPUTER ,CPU,Vostro 200s Seris,DELL,2T7Q2BS,,AMC,WORKING
127,11200,CUDDALORE(HO),COMPUTER ,CPU,Vostro 200s Seris,DELL,2P7S2BS,,AMC,WORKING
128,11200,CUDDALORE(HO),COMPUTER ,CPU,Vostro 200s Seris,DELL,3N7S2BS,,AMC,WORKING
129,11200,CUDDALORE(HO),COMPUTER ,CPU,Vostro 200s Seris,DELL,BDBQ2BS,,AMC,WORKING
130,11200,CUDDALORE(HO),PRINTER,DOT MATRIX,Epson L 210,EPSON,S2AK194457,,,WORKING
131,11200,CUDDALORE(HO),PRINTER,DOT MATRIX,Epson LQ 1310,EPSON,TRMY009586,,,WORKING
132,11200,CUDDALORE(HO),PRINTER,DOT MATRIX,Epson M200,EPSON,S2LY120716,,,WORKING
133,11200,CUDDALORE(HO),COMPUTER ,LAPTOP,LAPTOP/TRAVEL MATE 5720,ACER,LXTK20C0248320AB452000,,AMC,EDP
134,11200,CUDDALORE(HO),COMPUTER ,LAPTOP,LAPTOP/TRAVEL MATE 5720,ACER,LXTK20C0248320AFEB2000,,AMC,EDP
135,11200,CUDDALORE(HO),COMPUTER ,LAPTOP,LAPTOP/TRAVEL MATE 5720,ACER,LXTK20C0248320AE2F2000,,AMC,EDP
136,11200,CUDDALORE(HO),COMPUTER ,LAPTOP,LAPTOP/TRAVEL MATE 5720,ACER,LXTK20C0248320AE2D2000,,AMC,EDP
137,11200,CUDDALORE(HO),COMPUTER ,LAPTOP,LAPTOP/TRAVEL MATE 5720,ACER,LXTK20C0248320AF2D2000,,AMC,EDP
138,11200,CUDDALORE(HO),COMPUTER ,LAPTOP,LAPTOP/TRAVEL MATE 5720,ACER,LXR4F0C014037456801601,,AMC,EDP
139,11200,CUDDALORE(HO),COMPUTER ,LAPTOP,LAPTOP/TRAVEL MATE 5720,ACER,LXTK20C0248320B0052000,,AMC,EDP
140,11200,CUDDALORE(HO),COMPUTER ,LAPTOP,LAPTOP/TRAVEL MATE 5720,ACER,LXTK20C0248320B0202000,,AMC,EDP
141,11200,CUDDALORE(HO),COMPUTER ,LAPTOP,LAPTOP/TRAVEL MATE 5720,ACER,LXTK20C0248320B23C2000,,AMC,EDP
142,11200,CUDDALORE(HO),COMPUTER ,LAPTOP,LAPTOP/TRAVEL MATE 5720,ACER,LXTK20C0248320782D2000,,AMC,EDP
143,11200,CUDDALORE(HO),COMPUTER ,LAPTOP,LAPTOP/TRAVEL MATE 5720,ACER,LXTK20C02483207AC32000,,AMC,EDP
144,11200,CUDDALORE(HO),COMPUTER ,LAPTOP,LAPTOP/TRAVEL MATE 5720,ACER,LXTK20C0248320775C2000,,AMC,EDP
145,11200,CUDDALORE(HO),COMPUTER ,LAPTOP,LAPTOP/TRAVEL MATE 5720,ACER,LXTK20C0248320773A2000,,AMC,EDP
146,11200,CUDDALORE(HO),COMPUTER ,LAPTOP,LAPTOP/TRAVEL MATE 5720,ACER,LXTK20C0248320AEB42000,,AMC,EDP
147,11200,CUDDALORE(HO),COMPUTER ,LAPTOP,LAPTOP/TRAVEL MATE 5720,ACER,LXTK20C0248320AEA12000,,AMC,EDP
148,11200,CUDDALORE(HO),COMPUTER ,LAPTOP,LAPTOP/INSPIRON 14Z 5623,DELL,B1VZLV1,,WARRANTY,EDP
149,11216,CUDDALORE(HO),COMPUTER ,MONITOR,DELL/CQCO8701024216,DELL,CN-OMO55F-74261-8BK-1WMU,,AMC,WORKING
150,11200,CUDDALORE(HO),COMPUTER ,MONITOR,DELL/CQCO8701024216,DELL,CN-OMO55F-74261-8BK-1WPU,,AMC,
151,11200,CUDDALORE(HO),COMPUTER ,MONITOR,DELL/CQCO8701024216,DELL,CN-OMO55F-74261-8BK-11RU,,AMC,
152,11200,CUDDALORE(HO),COMPUTER ,MONITOR,DELL/CQCO8701024216,DELL,CN-OMO55F-74261-88R-0E4S-A00,,AMC,
153,11200,CUDDALORE(HO),COMPUTER ,MONITOR,DELL/CQCO8701024216,DELL,CN-OMO55F-74261-8BB-797U,,AMC,
154,11200,CUDDALORE(HO),COMPUTER ,MONITOR,DELL/CQCO8701024216,DELL,CN-OMO55F-74261-8BB-78VU,,AMC,
155,11200,CUDDALORE(HO),COMPUTER ,MONITOR,DELL/CQCO8701024216,DELL,CN-OMO55F-74261-8BB0-8M4U,,AMC,
156,11200,CUDDALORE(HO),COMPUTER ,MONITOR,DELL/CQCO8701024216,DELL,CN-0M055F-74261-8BB-7M2U,,AMC,
157,11200,CUDDALORE(HO),COMPUTER ,MONITOR,DELL/CQCO8701024216,DELL,CN-OMO55F-74261-895-1V1S,,AMC,
158,11200,CUDDALORE(HO),COMPUTER ,MONITOR,DELL/CQCO8701024216,DELL,CN-OMO55F-74261-895-03RS,,AMC,
159,11200,CUDDALORE(HO),COMPUTER ,MONITOR,DELL/CQCO8701024216,DELL,CN-OMO55F-74261-95L-15ZS,,AMC,
160,11200,CUDDALORE(HO),COMPUTER ,MONITOR,DELL/CQCO8701024216,DELL,CN-OMO55F-74261-9BK-15AU,,AMC,
161,11200,CUDDALORE(HO),COMPUTER ,MONITOR,DELL/CQCO8701024216,DELL,CN-OMO55F-74261-8BO-8KGU,,AMC,
162,11200,CUDDALORE(HO),SCANNER,SCANNER,,EPSON V30,KRZW008351,,WARRANTY,NOT WORKING
163,11232,VIRUDHACHALAM,UPS,UPS,UPS 5000,KELTRON,200811427,,AMC,miss
164,11200,CUDDALORE(HO),COMPUTER ,CPU,ACER POWER SERIES,ACER,AWP23GT619A197695LE,,AMC,
165,11200,CUDDALORE(HO),COMPUTER ,MONITOR,VERITON M200-G41 Series,ACER,AOCCHDNA4700483,,AMC,
166,11200,CUDDALORE(HO),COMPUTER ,MONITOR,VERITON M200-G41 Series,ACER,AOCCHDNA4701387,,AMC,
167,11200,CUDDALORE(HO),COMPUTER ,MONITOR,ACER/V193HQVB 18.5H,ACER,MMLKXSS00123303E124302,,WARRANTY,
168,11207,CUDDALORE(HO),COMPUTER ,MONITOR,DELL/CQCO8701024216,DELL,CN-OMO55F-74261-88R-0KCS-A00,,AMC,
169,11200,CUDDALORE(HO) BRANCH,COMPUTER ,CPU,VERITON M200-G41 Series,ACER,NO SL,,AMC,
170,11200,CUDDALORE(HO) BRANCH,COMPUTER ,CPU,VERITON M200-G41 Series,ACER,NO SL,,AMC,WORKING
171,11200,CUDDALORE(HO) BRANCH,COMPUTER ,CPU,VERITON M200-H61 Series,ACER,UDVD9SI1217C4140819,,WARRANTY,
172,11200,CUDDALORE(HO) BRANCH,COMPUTER ,MONITOR,VERITON M200-G41 Series,ACER,AOCCHDNA4702214,,AMC,
173,11200,CUDDALORE(HO) BRANCH,PRINTER,DOT MATRIX,LQ-1150II,EPSON,JSKY019239,,AMC,
174,11200,CUDDALORE(HO) BRANCH,PRINTER,LASER,ML-2161,SAMSUNG,Z7AXB8GD7B008V,,WARRANTY,
175,11200,CUDDALORE(HO) BRANCH,9URACK,6URACK,6U9URACK WALL MOUNTING,OEM,DAX9URACK027Q,,AMC,WORKING
176,11200,CUDDALORE(HO) BRANCH,9URACK,9URACK,9URACK WALL MOUNTING,DAX,DAX9URACK003,,AMC,WORKING
177,11200,CUDDALORE(HO) BRANCH,COMPUTER ,CPU,ACER POWER SERIES,ACER,AWP23GT619A110378LE,,AMC,WORKING
178,11200,CUDDALORE(HO) BRANCH,COMPUTER ,CPU,ACER POWER SERIES,ACER,AWP23GT619A197691LE,,AMC,WORKING
179,11200,CUDDALORE(HO) BRANCH,COMPUTER ,CPU,VERITON M200-G41 Series,ACER,AW142GT014A468574LE,,AMC,WORKING
180,11200,CUDDALORE(HO) BRANCH,COMPUTER ,CPU,VERITON M200-G41 Series,ACER,AW142GT014A522357LE,,AMC,WORKING
181,11200,CUDDALORE(HO) BRANCH,COMPUTER ,CPU,Vostro 200s Seris,DELL,2S7Q2BS,,AMC,WORKING
182,11200,CUDDALORE(HO) BRANCH,COMPUTER ,CPU,Vostro 200s Seris,DELL,4V7Q2BS,,AMC,WORKING
183,11200,CUDDALORE(HO) BRANCH,COMPUTER ,CPU,Vostro 200s Seris,DELL,7NGQ2BS,,AMC,WORKING
184,11200,CUDDALORE(HO) BRANCH,COMPUTER ,CPU,Vostro 200s Seris,DELL,HS7Q2BS,,AMC,WORKING
185,11200,CUDDALORE(HO) BRANCH,COMPUTER ,CPU,Vostro 200s Seris,DELL,J67S2BS,,AMC,WORKING
186,11200,CUDDALORE(HO) BRANCH,PRINTER,DOT MATRIX,MSP455XLCLASSIC,TVS,KBL45D000770,,WARRANTY,WORKING
187,11200,CUDDALORE(HO) BRANCH,PRINTER,DOT MATRIX,MSP455XLCLASSIC,TVS,KBL45D000829,,WARRANTY,WORKING
188,11200,CUDDALORE(HO) BRANCH,PRINTER,DOT MATRIX,Epson LQ 1310,EPSON,TRMY002915,,,
189,11200,CUDDALORE(HO) BRANCH,PRINTER,DOT MATRIX,Epson LQ 1310,EPSON,TRMY010126,,,WORKING
190,11200,CUDDALORE(HO) BRANCH,PRINTER,DOT MATRIX,Epson LQ 310,EPSON,R9HY002262,,,WORKING
191,11200,CUDDALORE(HO) BRANCH,PRINTER,LASER,HP LASERJET P1566,HP,VNC3F29161,,AMC,WORKING
192,11200,CUDDALORE(HO) BRANCH,COMPUTER ,CPU,VERITON M200-G41 Series,ACER,AWI42GT014A461093LE,,AMC,WORKING
193,11200,CUDDALORE(HO) BRANCH,COMPUTER ,CPU,VERITON M200-H61 Series,ACER,UDVD9SI1217C4140596,,WARRANTY,WORKING
194,11200,CUDDALORE(HO) BRANCH,COMPUTER ,CPU,VERITON M200-H61 Series,ACER,UDVD9SI1217C4140667,,WARRANTY,WORKING
195,11200,CUDDALORE(HO) BRANCH,COMPUTER ,CPU,VERITON M200-H61 Series,ACER,UDVD9SI1217C4140670,,WARRANTY,WORKING
196,11200,CUDDALORE(HO) BRANCH,COMPUTER ,CPU,VERITON M200-H61 Series,ACER,UDVD9SI1217C4140709,,WARRANTY,WORKING
197,11200,CUDDALORE(HO) BRANCH,COMPUTER ,CPU,VERITON M200-H61 Series,ACER,UDVD9SI1217C4140764,,WARRANTY,WORKING
198,11200,CUDDALORE(HO) BRANCH,COMPUTER ,CPU,VERITON M200-H61 Series,ACER,UDVD9SI1217C4140792,,WARRANTY,WORKING
199,11200,CUDDALORE(HO) BRANCH,COMPUTER ,MONITOR,ACER POWER SERIES,ACER,ETLF4080650080534C4221,,AMC,WORKING
200,11200,CUDDALORE(HO) BRANCH,COMPUTER ,MONITOR,ACER/V193HQVB 18.5H,ACER,MMLKXSS001233036384302,,WARRANTY,WORKING
201,11200,CUDDALORE(HO) BRANCH,COMPUTER ,MONITOR,ACER/V193HQVB 18.5H,ACER,MMLKXSS001233036714302,,WARRANTY,WORKING
202,11200,CUDDALORE(HO) BRANCH,COMPUTER ,MONITOR,ACER/V193HQVB 18.5H,ACER,MMLKXSS001233036864302,,WARRANTY,WORKING
203,11200,CUDDALORE(HO) BRANCH,COMPUTER ,MONITOR,ACER/V193HQVB 18.5H,ACER,MMLKXSS001233036C14302,,WARRANTY,WORKING
204,11200,CUDDALORE(HO) BRANCH,COMPUTER ,MONITOR,DELL/CQCO8701024216,DELL,CN-OMO55F-74261-88R-00VS-A00,,AMC,WORKING
205,11200,CUDDALORE(HO) BRANCH,COMPUTER ,MONITOR,DELL/CQCO8701024216,DELL,CN-OMO55F-74261-88R-0K1S-A00,,AMC,WORKING
206,11200,CUDDALORE(HO) BRANCH,COMPUTER ,MONITOR,DELL/CQCO8701024216,DELL,CN-OMO55F-74261-88R-3EDS,,AMC,WORKING
207,11200,CUDDALORE(HO) BRANCH,PRINTER,PASS BOOK DMP,PLQ-20,EPSON,G5AY013097,,AMC,WORKING
208,11200,CUDDALORE(HO) BRANCH,PRINTER,PASS BOOK DMP,PLQ-20,EPSON,RJLY113270,,AMC,WORKING
209,11235,ANNAMALAI NAGAR,UPS,UPS,UPS 3000,NUMERIC,NA,,AMC,WORKING
210,11200,CUDDALORE(HO) BRANCH,COMPUTER ,MONITOR,ACER/V193HQVB 18.5H,ACER,MMLKXSS001233036C54302,,WARRANTY,WORKING
211,11200,CUDDALORE(HO) BRANCH,COMPUTER ,MONITOR,ACER/V193HQVB 18.5H,ACER,MMLKXSS001233037AF4302,,WARRANTY,WORKING
212,11200,CUDDALORE(HO) BRANCH,COMPUTER ,MONITOR,ACER/V193HQVB 18.5H,ACER,MMLKXSS00123303E0D4302,,WARRANTY,WORKING
213,11200,CUDDALORE(HO) BRANCH,COMPUTER ,MONITOR,ACER/V193HQVB 18.5H,ACER,MMLKXSS00123303E0E4302,,WARRANTY,WORKING
214,11200,CUDDALORE(HO) BRANCH,COMPUTER ,MONITOR,ACER/V193HQVB 18.5H,ACER,MMLKXSS00123303E144302,,WARRANTY,WORKING
215,11200,CUDDALORE(HO) BRANCH,COMPUTER ,MONITOR,VERITON M200-G41 Series,ACER,AOCCHDNA4701379,,AMC,WORKING
216,11200,CUDDALORE(HO) BRANCH,COMPUTER ,MONITOR,VERITON M200-G41 Series,ACER,AOCCHDNA4701489,,AMC,WORKING
217,11200,CUDDALORE(HO) BRANCH,COMPUTER ,MONITOR,VERITON M200-G41 Series,ACER,AOCCHDNA4702229,,AMC,WORKING
218,,CUDDALORE(HO) BRANCH,SWITCH,24 PORT,DX5026MGVAC 10/100 Mbps,DAX,E5024WS-08-28-000178Q,,NOT AMC,WORKING
219,11245,CUDDALORE(HO) BRANCH,COMPUTER ,CPU,Vostro 200s Seris,DELL,945Q2BS,CUDDALORE HO AVAIABLE,AMC,WORKING
220,11200,ERAIYUR,SWITCH,24 PORT,DX5024WS 10/100 Mbps,DAX,E5024WS-08-28-000252Q,,NOT AMC,WORKING
221,11200,ERAIYUR,SWITCH,24 PORT,DX5024WS 10/100 Mbps,TENDA,,,WARRENTY,WORKING
222,11203,ERAIYUR,9URACK,9URACK,9URACK WALL MOUNTING,DAX,DAX9URACK005,,AMC,WORKING
223,11203,ERAIYUR,Camera,Camera,appraiser,,,,,WORKING
224,11203,ERAIYUR,Camera,Camera,casher,,,,,WORKING
225,11203,ERAIYUR,Camera,Camera,Customer,,,,,WORKING
226,11203,ERAIYUR,Camera,Camera,outdoor 1,,,,,WORKING
227,11203,ERAIYUR,Camera,Camera,outdoor 2,,,,,WORKING
228,11203,ERAIYUR,Camera,Camera,safe,,,,,WORKING
229,11203,ERAIYUR,COMPUTER ,CPU,SERVER /ALTOS G330 MK2,ACER,AWR3100113A1215471E,,AMC,WORKING
230,11203,ERAIYUR,COMPUTER ,CPU,Vostro 200s Seris,DELL,C1FQ2BS,,AMC,WORKING
231,11203,ERAIYUR,COMPUTER ,CPU,Vostro 200s Seris,DELL,HC1R2BS,,AMC,WORKING
232,11203,ERAIYUR,COMPUTER ,CPU,Vostro 200s Seris,DELL,V65Q2BS,mother board problem,AMC,NOT WORKING
233,11203,ERAIYUR,PRINTER,DOT MATRIX,Epson LQ 1310,EPSON,TRMY009578,,,WORKING
234,11203,ERAIYUR,PRINTER,DOT MATRIX,Epson LQ 1310,EPSON,TRMY010124,,,WORKING
235,11203,ERAIYUR,PRINTER,DOT MATRIX,LQ-1150II,EPSON,JSKY019678,STORE,AMC,NOT WORKING
236,11203,ERAIYUR,PRINTER,DOT MATRIX,MSP455XLCLASSIC,TVS,KBL45D000810,,AMC,WORKING
237,11203,ERAIYUR,PRINTER,DOT MATRIX,MSP455XLCLASSIC,TVS,KBL45D000841,STORE,AMC,NOT WORKING
238,11203,ERAIYUR,COMPUTER ,MONITOR,SERVER /ALTOS G330 MK2,ACER,X87A1H4003536,,AMC,WORKING
239,11203,ERAIYUR,COMPUTER ,MONITOR,DELL/CQCO8701024216,DELL,CN- OMO55F-74261-8B0-8MWU,,AMC,WORKING
240,11203,ERAIYUR,COMPUTER ,MONITOR,DELL/CQCO8701024216,DELL,CN-OMO55F-74261-8B0-8MVU,,AMC,WORKING
241,11203,ERAIYUR,COMPUTER ,MONITOR,DELL/CQCO8701024216,DELL,CN-OMO55F-74261-8BK-10TU,,AMC,WORKING
242,11203,ERAIYUR,PRINTER,PASS BOOK DMP,PLQ-20,EPSON,G5AY013172,,AMC,WORKING
243,11203,ERAIYUR,SCANNER,SCANNER,J232A,EPSON V30,KRZW008472,,AMC,WORKING
244,11202,BHUVANAGIRI,UPS,UPS,UPS 3000,NUMERIC,I083206553,,AMC,WORKING
245,11249,INDIRA NAGAR,SWITCH,24 PORT,DX5024WS 10/100 Mbps,DAX,E5024WS-08-28-000251Q,,NOT AMC,WORKING
246,11249,INDIRA NAGAR,SWITCH,24 PORT,DX5024WS 10/100 Mbps,DAX,E5024WS-08-28-000251Q,STORE,NOT AMC,NOT WORKING
247,11249,INDIRA NAGAR,Camera,Camera,appraiser,,,,,WORKING
248,11249,INDIRA NAGAR,Camera,Camera,casher,,,,,WORKING
249,11249,INDIRA NAGAR,Camera,Camera,customer 2,,,,,WORKING
250,11249,INDIRA NAGAR,Camera,Camera,outdoor 1,,,,,NOT WORKING
251,11249,INDIRA NAGAR,Camera,Camera,safe,,,,,WORKING
252,11249,INDIRA NAGAR,COMPUTER ,CPU,Vostro 200s Seris,DELL,16DS2BS,,AMC,WORKING
253,11249,INDIRA NAGAR,PRINTER,DOT MATRIX,MSP455XLCLASSIC,TVS,KBL45D000769,,AMC,WORKING
254,11249,INDIRA NAGAR,COMPUTER ,MONITOR,DELL/CQCO8701024216,DELL,CN-OMO55F-74261-8BB-7UCU,,AMC,WORKING
255,11249,INDIRA NAGAR,PRINTER,PASS BOOK DMP,PLQ-20,EPSON,G5AY013083,,AMC,WORKING
256,11249,INDIRA NAGAR,SCANNER,SCANNER,,EPSON V33,RMVW002552,,WARRANTY,WORKING
257,11233,CHIDHAMBARAM,UPS,UPS,UPS 5000,KELTRON,200811426,STORE,AMC,NOT WORKING
258,11249,INDIRA NAGAR,COMPUTER ,CPU,VERITON M200-G41 Series,ACER,AWI42GT014A461096LE,,AMC,WORKING
259,11249,INDIRA NAGAR,COMPUTER ,MONITOR,VERITON M200-G41 Series,ACER,AOCCHDNA4702951,,AMC,WORKING
260,11207,KATTUMANNARKOIL,SWITCH,24 PORT,DX5024WS 10/100 Mbps,DAX,E5024WS-08-28-000162,,NOT AMC,NOT WORKING
261,11207,KATTUMANNARKOIL,9URACK,9URACK,9URACK WALL MOUNTING,DAX,DAX9URACK006,,AMC,WORKING
262,11207,KATTUMANNARKOIL,Camera,Camera,appraiser,,,,,WORKING
263,11207,KATTUMANNARKOIL,Camera,Camera,casher,,,,,WORKING
264,11207,KATTUMANNARKOIL,Camera,Camera,customer 1,,,,,NOT WORKING
265,11207,KATTUMANNARKOIL,Camera,Camera,customer 2,,,,,WORKING
266,11207,KATTUMANNARKOIL,Camera,Camera,outdoor 1,,,,,WORKING
267,11207,KATTUMANNARKOIL,Camera,Camera,safe,,,,,WORKING
268,11207,KATTUMANNARKOIL,COMPUTER ,CPU,SERVER /ALTOS G330 MK2,ACER,A121544,,AMC,WORKING
269,11207,KATTUMANNARKOIL,COMPUTER ,CPU,Vostro 200s Seris,DELL,12DS2BS,,AMC,WORKING
270,11207,KATTUMANNARKOIL,COMPUTER ,CPU,Vostro 200s Seris,DELL,DM7S2BS,,AMC,WORKING
271,11207,KATTUMANNARKOIL,COMPUTER ,CPU,Vostro 200s Seris,DELL,HP762BS,,AMC,WORKING
272,11207,KATTUMANNARKOIL,COMPUTER ,CPU,Vostro 200s Seris,DELL,JYFS2BS,,AMC,WORKING
273,11207,KATTUMANNARKOIL,PRINTER,DOT MATRIX,Epson LQ 1310,EPSON,TRMY002910,,,
274,11207,KATTUMANNARKOIL,PRINTER,DOT MATRIX,Epson LQ 1310,EPSON,TRMY009581,,,WORKING
275,11207,KATTUMANNARKOIL,PRINTER,DOT MATRIX,MSP 355 MARATHON,TVS,GBF2HD000075,,AMC,WORKING
276,11207,KATTUMANNARKOIL,PRINTER,DOT MATRIX,MSP 355 MARATHON,TVS,HBP3PD000476,STORE,AMC,NOT WORKING
277,11207,KATTUMANNARKOIL,PRINTER,DOT MATRIX,MSP455XLCLASSIC,TVS,KBL45D000777,STORE,AMC,NOT WORKING
278,11207,KATTUMANNARKOIL,COMPUTER ,MONITOR,SERVER /ALTOS G330 MK2,ACER,X87A1HA001540,,AMC,WORKING
279,11207,KATTUMANNARKOIL,COMPUTER ,MONITOR,DELL/CQCO8701024216,DELL,CN-OMO55F-74261-88R-1KNS-A00,,AMC,WORKING
280,11207,KATTUMANNARKOIL,COMPUTER ,MONITOR,DELL/CQCO8701024216,DELL,CN-OMO55F-74261-8BO-8MEU,,AMC,WORKING
281,11207,KATTUMANNARKOIL,COMPUTER ,MONITOR,DELL/CQCO8701024216,DELL,CN-OMO55F-74261-8BO-995U,,AMC,WORKING
282,11207,KATTUMANNARKOIL,COMPUTER ,MONITOR,DELL/CQCO8701024216,DELL,CN-OMO55F-74261-8BR-99JU,,AMC,WORKING
283,11207,KATTUMANNARKOIL,PRINTER,PASS BOOK DMP,PLQ-20,EPSON,G5AY013161,,AMC,WORKING
284,11207,KATTUMANNARKOIL,SCANNER,SCANNER,J232A,EPSON V30,KRZW009008,,AMC,WORKING
285,11207,KATTUMANNARKOIL,SWITCH,SWITCH 24 PORT,TEG1024D,NET,,,WARRANTY,WORKING
286,11207,KATTUMANNARKOIL,SWITCH,SWITCH 24 PORT,TEG1024D,TENDA,E1064011231000141,,WARRANTY,WORKING
287,11215,CUDDALORE OT,UPS,UPS,UPS 3000,NUMERIC,I083206558,,AMC,WORKING
288,11207,KATTUMANNARKOIL,COMPUTER ,CPU,VERITON M200-G41 Series,ACER,AW142GT014A522362LE,,AMC,WORKING
289,11207,KATTUMANNARKOIL,COMPUTER ,MONITOR,VERITON M200-G41 Series,ACER,AOCCHDNA4702227,,AMC,WORKING
290,11247,KOOTHAPAKKAM,SWITCH,24 PORT,DX5024WS 10/100 Mbps,DAX,E5024WS-08-28-000178,,NOT AMC,WORKING
291,11247,KOOTHAPAKKAM,9URACK,9URACK,9URACK WALL MOUNTING,DAX,DAX9URACK027,,AMC,WORKING
292,11247,KOOTHAPAKKAM,Camera,Camera,appraiser,,,,,NOT WORKING
293,11247,KOOTHAPAKKAM,Camera,Camera,casher,,,,,WORKING
294,11247,KOOTHAPAKKAM,Camera,Camera,Customer,,,,,WORKING
295,11247,KOOTHAPAKKAM,Camera,Camera,outdoor 1,,,,,WORKING
296,11247,KOOTHAPAKKAM,Camera,Camera,safe,,,,,WORKING
297,11247,KOOTHAPAKKAM,COMPUTER ,CPU,Vostro 200s Seris,DELL,215Q2BS,,AMC,WORKING
298,11247,KOOTHAPAKKAM,COMPUTER ,CPU,Vostro 200s Seris,DELL,8S7Q2BS,,AMC,WORKING
299,11247,KOOTHAPAKKAM,COMPUTER ,CPU,Vostro 200s Seris,DELL,9ZDQ2BS,mother board problem,AMC,NOT WORKING
300,11247,KOOTHAPAKKAM,COMPUTER ,CPU,Vostro 200s Seris,DELL,H2DQ2BS,STORE,AMC,NOT WORKING
301,11247,KOOTHAPAKKAM,PRINTER,DOT MATRIX,Epson LQ 1310,EPSON,TRMY009589,,,WORKING
302,11247,KOOTHAPAKKAM,PRINTER,DOT MATRIX,LQ-1150II,EPSON,JSKY019676,STORE,AMC,NOT WORKING
303,11247,KOOTHAPAKKAM,PRINTER,DOT MATRIX,MSP455XLCLASSIC,TVS,KBL45D000774,,AMC,WORKING
304,11247,KOOTHAPAKKAM,COMPUTER ,MONITOR,DELL/CQCO8701024216,DELL,CN-OMO55F-74261-88R-1KLS-A00,,AMC,WORKING
305,11247,KOOTHAPAKKAM,COMPUTER ,MONITOR,DELL/CQCO8701024216,DELL,CN-OMO55F-74261-88R-3EFS,,AMC,WORKING
306,11247,KOOTHAPAKKAM,COMPUTER ,MONITOR,DELL/CQCO8701024216,DELL,CN-OMO55F-74261-8BB-78WU,,AMC,WORKING
307,11247,KOOTHAPAKKAM,COMPUTER ,MONITOR,DELL/CQCO8701024216,DELL,CN-OMO55F-74261-8BB-7CGU,,AMC,WORKING
308,11247,KOOTHAPAKKAM,PRINTER,PASS BOOK DMP,PLQ-20,EPSON,G5AY013169,,AMC,WORKING
309,11247,KOOTHAPAKKAM,SCANNER,SCANNER,J232A,EPSON V30,KRZW009526,,AMC,WORKING
310,11247,KOOTHAPAKKAM,SWITCH,SWITCH 24 PORT,TEH1224,TENDA,E1225010232000095,,WARRANTY,WORKING
311,11200,CUDDALORE(HO),UPS,UPS,UPS 3000,NUMERIC,II140101004,,WARRANTY,WORKING
312,11247,KOOTHAPAKKAM,COMPUTER ,CPU,ACER POWER SERIES,ACER,AWP23GT619A110372LE,,AMC,WORKING
313,11247,KOOTHAPAKKAM,COMPUTER ,MONITOR,ACER POWER SERIES,ACER,ETLF408065008052FD4221,,AMC,WORKING
314,11208,KURINJIPADI,SWITCH,24 PORT,DX5024WS 10/100 Mbps,DAX,E5024WS-08-28-000173,,AMC,WORKING
315,11208,KURINJIPADI,SWITCH,24 PORT,DX5024WS 10/100 Mbps,TENDA,,,AMC,WORKING
316,11208,KURINJIPADI,9URACK,9URACK,9URACK WALL MOUNTING,DAX,DAX9URACK007,,AMC,WORKING
317,11208,KURINJIPADI,Camera,Camera,appraiser,,,,,WORKING
318,11208,KURINJIPADI,Camera,Camera,casher,,,,,WORKING
319,11208,KURINJIPADI,Camera,Camera,Customer,,,,,WORKING
320,11208,KURINJIPADI,Camera,Camera,customer 2,,,,,WORKING
321,11208,KURINJIPADI,Camera,Camera,outdoor 1,,,,,WORKING
322,11208,KURINJIPADI,Camera,Camera,safe,,,,,WORKING
323,11208,KURINJIPADI,COMPUTER ,CPU,SERVER /ALTOS G330 MK2,ACER,AWR3100113A121539IE,,AMC,WORKING
324,11208,KURINJIPADI,COMPUTER ,CPU,Vostro 200s Seris,DELL,3M7S2BS,,AMC,WORKING
325,11208,KURINJIPADI,COMPUTER ,CPU,Vostro 200s Seris,DELL,9M7S2BS,,AMC,WORKING
326,11208,KURINJIPADI,COMPUTER ,CPU,Vostro 200s Seris,DELL,D2DQ2BS,,AMC,WORKING
327,11208,KURINJIPADI,PRINTER,DOT MATRIX,Epson LQ 1310,EPSON,TRMY009573,,,WORKING
328,11208,KURINJIPADI,PRINTER,DOT MATRIX,LQ-1150II,EPSON,JSKY020688,STORE,AMC,NOT WORKING
329,11208,KURINJIPADI,PRINTER,DOT MATRIX,MSP 355 MARATHON,TVS,HBO3PD000515,STORE,AMC,NOT WORKING
330,11208,KURINJIPADI,PRINTER,DOT MATRIX,MSP455XLCLASSIC,TVS,KBL45D000809,STORE,AMC,NOT WORKING
331,11208,KURINJIPADI,PRINTER,DOT MATRIX,MSP455XLCLASSIC,TVS,KBL45D000819,,AMC,WORKING
332,11208,KURINJIPADI,COMPUTER ,MONITOR,SERVER /ALTOS G330 MK2,ACER,X87A1HA001530,,AMC,WORKING
333,11208,KURINJIPADI,COMPUTER ,MONITOR,DELL/CQCO8701024216,DELL,CN-OMO55F-74261-88R-OKRS-AOO,,AMC,WORKING
334,11208,KURINJIPADI,COMPUTER ,MONITOR,DELL/CQCO8701024216,DELL,CN-OMO55F-74261-8B0-8JMU,,AMC,WORKING
335,11208,KURINJIPADI,COMPUTER ,MONITOR,DELL/CQCO8701024216,DELL,CN-OMO55F-74261-8BB-7LRU,,AMC,WORKING
336,11208,KURINJIPADI,PRINTER,PASS BOOK DMP,PLQ-20,EPSON,G5AY013094,,AMC,WORKING
337,11208,KURINJIPADI,SCANNER,SCANNER,J232A,EPSON V30,KRZW009012,,AMC,WORKING
338,11208,KURINJIPADI,SWITCH,SWITCH 24 PORT,TEG1024D,TENDA,E1064011231000121,STORE,WARRANTY,NOT WORKING
339,11200,CUDDALORE(HO) BRANCH,UPS,UPS,UPS 10000,NUMERIC,II101109701,,AMC,WORKING
340,11208,KURINJIPADI,COMPUTER ,CPU,ACER POWER SERIES,ACER,AWP23GT619A197699LE,,AMC,WORKING
341,11208,KURINJIPADI,COMPUTER ,MONITOR,ACER POWER SERIES,ACER,ETLF408065008053304221,,AMC,WORKING
342,11242,MANDHARAKUPPAM ,SWITCH,24 PORT,DX5024WS 10/100 Mbps,DAX,E5024WS-08-28-000177,,NOT AMC,WORKING
343,11242,MANDHARAKUPPAM ,9URACK,9URACK,9URACK WALL MOUNTING,DAX,DAX9URACK023,,AMC,WORKING
344,11239,MANDHARAKUPPAM ,Camera,Camera,approser,,,,,WORKING
345,11239,MANDHARAKUPPAM ,Camera,Camera,casher,,,,,WORKING
346,11239,MANDHARAKUPPAM ,Camera,Camera,Customer,,,,,WORKING
347,11239,MANDHARAKUPPAM ,Camera,Camera,outdoor 1,,,,,WORKING
348,11239,MANDHARAKUPPAM ,Camera,Camera,safe,,,,,NOT WORKING
349,11242,MANDHARAKUPPAM ,COMPUTER ,CPU,SERVER /ALTOS G330 MK2,ACER,AWR3100113A121551IE,,AMC,WORKING
350,11242,MANDHARAKUPPAM ,COMPUTER ,CPU,Vostro 200s Seris,DELL,19BQ2BS,,AMC,WORKING
351,11242,MANDHARAKUPPAM ,COMPUTER ,CPU,Vostro 200s Seris,DELL,53BQ2BS,mother board problem,AMC,NOT WORKING
352,11242,MANDHARAKUPPAM ,COMPUTER ,CPU,Vostro 200s Seris,DELL,BN7S2BS,mother board problem,AMC,WORKING
353,11242,MANDHARAKUPPAM ,COMPUTER ,CPU,LENOVO,LENOVO,STAND BY SYSTEM,,,WORKING
354,11242,MANDHARAKUPPAM ,COMPUTER ,CPU,Vostro 200s Seris,DELL,D3DS2BS,,AMC,WORKING
355,11242,MANDHARAKUPPAM ,PRINTER,DOT MATRIX,Epson LQ 1310,EPSON,TRMY002914,,,WORKING
356,11242,MANDHARAKUPPAM ,PRINTER,DOT MATRIX,Epson LQ 1310,EPSON,TRMY009596,,,WORKING
357,11242,MANDHARAKUPPAM ,PRINTER,DOT MATRIX,MSP 355 MARATHON,TVS,HBO3PD000566,STORE,AMC,NOT WORKING
358,11242,MANDHARAKUPPAM ,PRINTER,DOT MATRIX,MSP 355 MARATHON,TVS,HBP3PD000451,STORE,AMC,NOT WORKING
359,11214,MANDHARAKUPPAM ,PRINTER,DOT MATRIX,LQ-1150II,EPSON,JSKY019675,STORE,AMC,WORKING
360,11242,MANDHARAKUPPAM ,PRINTER,DOT MATRIX,MSP 355 MARATHON,TVS,HBO3PD000585,STORE,AMC,NOT WORKING
361,11242,MANDHARAKUPPAM ,PRINTER,DOT MATRIX,MSP455XLCLASSIC,TVS,KBL45D000816,STORE,AMC,NOT WORKING
362,11242,MANDHARAKUPPAM ,COMPUTER ,MONITOR,SERVER /ALTOS G330 MK2,ACER,X87A1HA000955,,AMC,WORKING
363,11242,MANDHARAKUPPAM ,COMPUTER ,MONITOR,DELL/CQCO8701024216,DELL,CN-OMO55F-74261-8BO-7V3U,,AMC,WORKING
364,11242,MANDHARAKUPPAM ,COMPUTER ,MONITOR,DELL/CQCO8701024216,DELL,CN-OMO55F-74261-8BO-8LPU,,AMC,WORKING
365,11242,MANDHARAKUPPAM ,COMPUTER ,MONITOR,DELL/CQCO8701024216,DELL,CN-OMO55F-74261-8BO-9HEU,,AMC,WORKING
366,11242,MANDHARAKUPPAM ,COMPUTER ,MONITOR,DELL/CQCO8701024216,DELL,CN-OMO55F-74261-8BR-9A1U,,AMC,WORKING
367,11242,MANDHARAKUPPAM ,PRINTER,PASS BOOK DMP,PLQ-20,EPSON,G5AY012761,,AMC,WORKING
368,11242,MANDHARAKUPPAM ,SCANNER,SCANNER,J232A,EPSON V39,VCJY005603,,AMC,WORKING
369,11242,MANDHARAKUPPAM ,SWITCH,SWITCH 24 PORT,TEG1024D,TENDA,E1064011231000138,,WARRANTY,WORKING
370,11203,ERAIYUR,UPS,UPS,UPS 3000,NUMERIC,I083206554,,AMC,WORKING
371,11242,MANDHARAKUPPAM ,COMPUTER ,CPU,ACER POWER SERIES,ACER,AWP23GT619A110361LE,,AMC,WORKING
372,11242,MANDHARAKUPPAM ,COMPUTER ,MONITOR,ACER POWER SERIES,ACER,ETLF408065008053174221,,AMC,WORKING
373,11246,MANGALAMPETTAI,SWITCH,24 PORT,DX5024WS 10/100 Mbps,DAX,E5024WS-08-28-000163,,NOT AMC,WORKING
374,11246,MANGALAMPETTAI,SWITCH,24 PORT,,NET,,,NOT AMC,WORKING
375,11246,MANGALAMPETTAI,9URACK,9URACK,9URACK WALL MOUNTING,DAX,DAX9URACK026,,AMC,WORKING
376,11246,MANGALAMPETTAI,Camera,Camera,appraiser,,,,,WORKING
377,11246,MANGALAMPETTAI,Camera,Camera,casher,,,,,WORKING
378,11246,MANGALAMPETTAI,Camera,Camera,customer 2,,,,,WORKING
379,11246,MANGALAMPETTAI,Camera,Camera,outdoor 1,,,,,WORKING
380,11246,MANGALAMPETTAI,Camera,Camera,safe,,,,,WORKING
381,11246,MANGALAMPETTAI,COMPUTER ,CPU,Vostro 200s Seris,DELL,23BQ2BS,,AMC,WORKING
382,11246,MANGALAMPETTAI,COMPUTER ,CPU,Vostro 200s Seris,DELL,41BQ2BS,,AMC,WORKING
383,11246,MANGALAMPETTAI,COMPUTER ,CPU,Vostro 200s Seris,DELL,8T7Q2BS,,AMC,WORKING
384,11246,MANGALAMPETTAI,PRINTER,DOT MATRIX,Epson LQ 1310,EPSON,TRMY009587,,,WORKING
385,11246,MANGALAMPETTAI,PRINTER,DOT MATRIX,Epson LQ 1310,EPSON,TRMY010127,,,WORKING
386,11246,MANGALAMPETTAI,PRINTER,DOT MATRIX,LQ-1150II,EPSON,JSKY019318,STORE,AMC,NOT WORKING
387,11246,MANGALAMPETTAI,PRINTER,DOT MATRIX,MSP 355 MARATHON,TVS,HBP3PD000517,STORE,AMC,NOT WORKING
388,11246,MANGALAMPETTAI,PRINTER,DOT MATRIX,MSP455XLCLASSIC,TVS,KBL45D000764,STORE,AMC,NOT WORKING
389,11246,MANGALAMPETTAI,COMPUTER ,MONITOR,DELL/CQCO8701024216,DELL,CN-OMO55F-74261-88R-08KS-A00,,AMC,WORKING
390,11246,MANGALAMPETTAI,COMPUTER ,MONITOR,DELL/CQCO8701024216,DELL,CN-OMO55F-74261-88R-1KPS-A00,,AMC,WORKING
391,11246,MANGALAMPETTAI,COMPUTER ,MONITOR,DELL/CQCO8701024216,DELL,CN-OMO55F-74261-8BK-27FU,,AMC,WORKING
392,11246,MANGALAMPETTAI,PRINTER,PASS BOOK DMP,PLQ-20,EPSON,G5AY013159,,AMC,WORKING
393,11246,MANGALAMPETTAI,SCANNER,SCANNER,J232A,EPSON V39,CVJY000117,,AMC,WORKING
394,11249,INDIRA NAGAR,UPS,UPS,UPS 2000,NUMERIC,I070200110,,AMC,WORKING
395,11246,MANGALAMPETTAI,COMPUTER ,CPU,ACER POWER SERIES,ACER,AWP23GT619A110367LE,,AMC,WORKING
396,11246,MANGALAMPETTAI,COMPUTER ,MONITOR,ACER POWER SERIES,ACER,ETLF408065008053064221,,AMC,WORKING
397,11250,MANGALORE,SWITCH,24 PORT,DX5024WS 10/100 Mbps,DAX,E5024WS-08-28-000250Q,,NOT AMC,WORKING
398,11250,MANGALORE,Camera,Camera,appraiser,,,,,WORKING
399,11250,MANGALORE,Camera,Camera,casher,,,,,WORKING
400,11250,MANGALORE,Camera,Camera,customer 2,,,,W,WORKING
401,11250,MANGALORE,Camera,Camera,outdoor 1,,,,,WORKING
402,11250,MANGALORE,Camera,Camera,safe,,,,,NOT WORKING
403,11250,MANGALORE,PRINTER,DOT MATRIX,MSP455XLCLASSIC,TVS,LBJ45D003640,,AMC,WORKING
404,11250,MANGALORE,COMPUTER ,CPU,VERITON M200-G41 Series,ACER,AW142GT014A468573LE,,AMC,WORKING
405,11250,MANGALORE,COMPUTER ,MONITOR,DELL/CQCO8701024216,DELL,CN-OMO55F-74261-88K-27VU,,AMC,WORKING
406,11232,MANGALORE,PRINTER,PASS BOOK DMP,PLQ-20,EPSON,RJLY079980,,AMC,WORKING
407,11250,MANGALORE,SCANNER,SCANNER,,EPSON V33,RMVW002588,,WARRANTY,WORKING
408,11207,KATTUMANNARKOIL,UPS,UPS,UPS 5000,NUMERIC,II120602036,,AMC,WORKING
409,11250,MANGALORE,COMPUTER ,CPU,VERITON M200-H61 Series,ACER,UDVD9SI1217C4140672,,WARRANTY,WORKING
410,11250,MANGALORE,COMPUTER ,MONITOR,ACER/V193HQVB 18.5H,ACER,MMLKXSS001233036884302,,WARRANTY,WORKING
411,11238,MANJAKUPPAM,SWITCH,24 PORT,DX5024WS 10/100 Mbps,DAX,E5024WS-08-28-000217,,NOT AMC,WORKING
412,11238,MANJAKUPPAM,9URACK,9URACK,9URACK WALL MOUNTING,DAX,DAX9URACK020,,AMC,WORKING
413,11238,MANJAKUPPAM,Camera,Camera,appraiser,,,,,NOT WORKING
414,11238,MANJAKUPPAM,Camera,Camera,casher,,,,,NOT WORKING
415,11238,MANJAKUPPAM,Camera,Camera,customer 2,,,,,WORKING
416,11238,MANJAKUPPAM,Camera,Camera,outdoor 1,,,,,NOT WORKING
417,11238,MANJAKUPPAM,Camera,Camera,outdoor 2,,,,,NOT WORKING
418,11238,MANJAKUPPAM,Camera,Camera,safe,,,,,NOT WORKING
419,11238,MANJAKUPPAM,COMPUTER ,CPU,Vostro 200s Seris,DELL,G1BQ2BS,,AMC,WORKING
420,11200,MANJAKUPPAM,COMPUTER ,CPU,Vostro 200s Seris,DELL,4V4Q2BS,,AMC,WORKING
421,11238,MANJAKUPPAM,COMPUTER ,CPU,Vostro 200s Seris,DELL,3K4Q2BS,,AMC,WORKING
422,11238,MANJAKUPPAM,COMPUTER ,CPU,Vostro 200s Seris,DELL,73BQ2BS,,AMC,WORKING
423,11238,MANJAKUPPAM,COMPUTER ,CPU,Vostro 200s Seris,DELL,BDBQ2BS,,AMC,WORKING
424,11238,MANJAKUPPAM,PRINTER,DOT MATRIX,LQ-1150II,EPSON,JSKY020333,STORE,,NOT WORKING
425,11238,MANJAKUPPAM,PRINTER,DOT MATRIX,Epson LQ 1310,EPSON,TRMY002925,,,WORKING
426,11238,MANJAKUPPAM,PRINTER,DOT MATRIX,MSP 355 MARATHON,TVS,HBO3PD000469,STORE,AMC,NOT WORKING
427,11238,MANJAKUPPAM,PRINTER,DOT MATRIX,MSP455XLCLASSIC,TVS,KBL45D000833,,AMC,WORKING
428,11238,MANJAKUPPAM,COMPUTER ,MONITOR,DELL/CQCO8701024216,DELL,CN-OMO55F-74261-895-03FS,,AMC,WORKING
429,11238,MANJAKUPPAM,COMPUTER ,MONITOR,DELL/CQCO8701024216,DELL,CN-OMO55F-74261-8B0-8MCU,,AMC,WORKING
430,11238,MANJAKUPPAM,COMPUTER ,MONITOR,DELL/CQCO8701024216,DELL,CN-OMO55F-74261-8B0-96EU,,AMC,WORKING
431,11238,MANJAKUPPAM,COMPUTER ,MONITOR,DELL/CQCO8701024216,DELL,CN-OMO55F-74261-8BB-87AU,,AMC,WORKING
432,11238,MANJAKUPPAM,PRINTER,PASS BOOK DMP,PLQ-20,EPSON,G5AY013124,,AMC,WORKING
433,11238,MANJAKUPPAM,SCANNER,SCANNER,J232A,EPSON V30,RMVW009014,,AMC,WORKING
434,11238,MANJAKUPPAM,SWITCH,SWITCH 24 PORT,TEG1024D,TENDA,E1064011231000124,,WARRANTY,WORKING
435,11247,KOOTHAPAKKAM,UPS,UPS,UPS 3000,NUMERIC,I083206569,,AMC,WORKING
436,11238,MANJAKUPPAM,COMPUTER ,CPU,ACER POWER SERIES,ACER,AWP23GT619A197664LE,,AMC,WORKING
437,11238,MANJAKUPPAM,COMPUTER ,MONITOR,ACER POWER SERIES,ACER,ETLF408065008053184221,,AMC,WORKING
438,11213,NELLIKUPPAM,SWITCH,24 PORT,DX5024WS 10/100 Mbps,DAX,E5024WS-08-28-000203,,NOT AMC,WORKING
439,11213,NELLIKUPPAM,9URACK,9URACK,9URACK WALL MOUNTING,DAX,DAX9URACK008,,AMC,WORKING
440,11213,NELLIKUPPAM,Camera,Camera,appraiser,,,,,WORKING
441,11213,NELLIKUPPAM,Camera,Camera,casher,,,,,WORKING
442,11213,NELLIKUPPAM,Camera,Camera,Customer,,,,,WORKING
443,11213,NELLIKUPPAM,Camera,Camera,customer 2,,,,,WORKING
444,11213,NELLIKUPPAM,Camera,Camera,outdoor 1,,,,,WORKING
445,11213,NELLIKUPPAM,Camera,Camera,safe,,,,,WORKING
446,11213,NELLIKUPPAM,COMPUTER ,CPU,SERVER /ALTOS G330 MK2,ACER,AWR3100113A1215461E,,AMC,WORKING
447,11213,NELLIKUPPAM,COMPUTER ,CPU,Vostro 200s Seris,DELL,2MHS2BS,,AMC,WORKING
448,11213,NELLIKUPPAM,COMPUTER ,CPU,Vostro 200s Seris,DELL,52BQ2BS,,AMC,WORKING
449,11213,NELLIKUPPAM,COMPUTER ,CPU,Vostro 200s Seris,DELL,J4D62BS,,AMC,WORKING
450,11213,NELLIKUPPAM,COMPUTER ,CPU,Vostro 200s Seris,DELL,J75Q2BS,,AMC,WORKING
451,11213,NELLIKUPPAM,PRINTER,DOT MATRIX,Epson LQ 1310,EPSON,TRMY002904,,,WORKING
452,11213,NELLIKUPPAM,PRINTER,DOT MATRIX,Epson LQ 1310,EPSON,TRMY009593,,,WORKING
453,11213,NELLIKUPPAM,PRINTER,DOT MATRIX,LQ-1150II,EPSON,JSKY019382,STORE,AMC,NOT WORKING
454,11213,NELLIKUPPAM,PRINTER,DOT MATRIX,MSP 355 MARATHON,TVS,HBO3PD000335,STORE,AMC,NOT WORKING
455,11213,NELLIKUPPAM,PRINTER,DOT MATRIX,MSP455XLCLASSIC,TVS,KBL45D000773,STORE,WARRANTY,WORKING
456,11213,NELLIKUPPAM,COMPUTER ,MONITOR,SERVER /ALTOS G330 MK2,ACER,X87A1HA001549,,AMC,WORKING
457,11213,NELLIKUPPAM,COMPUTER ,MONITOR,DELL/CQCO8701024216,DELL,CN-OMO55F-74261-8BB-844U,,AMC,WORKING
458,11213,NELLIKUPPAM,COMPUTER ,MONITOR,DELL/CQCO8701024216,DELL,CN-OMO55F-74261-8BK-10WU,,AMC,WORKING
459,11213,NELLIKUPPAM,COMPUTER ,MONITOR,DELL/CQCO8701024216,DELL,CN-OMO55F-74261-8BK-138U,,AMC,WORKING
460,11213,NELLIKUPPAM,COMPUTER ,MONITOR,DELL/CQCO8701024216,DELL,CN-OMO55F-74261-8BK-14EU,,AMC,WORKING
461,11213,NELLIKUPPAM,PRINTER,PASS BOOK DMP,PLQ-20,EPSON,G5AY013087,,AMC,WORKING
462,11213,NELLIKUPPAM,SCANNER,SCANNER,J232A,EPSON V39,VCJY001454,,AMC,WORKING
463,11213,NELLIKUPPAM,SWITCH,SWITCH 24 PORT,TEG1024D,TENDA,E1064011231000104,,WARRANTY,WORKING
464,11208,KURINJIPADI,UPS,UPS,UPS 3000,NUMERIC,I083206556,,AMC,WORKING
465,11213,NELLIKUPPAM,COMPUTER ,CPU,ACER POWER SERIES,ACER,AWP23GT619A110337LE,,AMC,WORKING
466,11213,NELLIKUPPAM,COMPUTER ,MONITOR,ACER POWER SERIES,ACER,ETLF408065008052E84221,,AMC,WORKING
467,11251,NEYVELI (29) BLOCK,COMPUTER ,CPU,Vostro 200s Seris,DELL,FKBQ2BS,,AMC,WORKING
468,11251,NEYVELI (29) BLOCK,COMPUTER ,MONITOR,DELL/CQCO8701024216,DELL,CN-0M055F-74261-8BK-26PU,,AMC,WORKING
469,11251,NEYVELI (29) BLOCK,COMPUTER ,MONITOR,DELL/CQCO8701024216,DELL,CN-OMO55F-74261-88K-11UU,,AMC,WORKING
470,11242,MANDHARAKUPPAM ,UPS,UPS,UPS 3000,NUMERIC,I083206565,,AMC,WORKING
471,11239,NEYVELI (5)BLOCK,SWITCH,24 PORT,DX5024WS 10/100 Mbps,Dlink,,,NOT AMC,WORKING
472,11239,NEYVELI (5)BLOCK,SWITCH,8 PORT,DX5024WS 10/100 Mbps,DAX,,,AMC,WORKING
473,11239,NEYVELI (5)BLOCK,9URACK,9URACK,9URACK WALL MOUNTING,DAX,DAX9URACK021,,AMC,WORKING
474,11239,NEYVELI (5)BLOCK,Camera,Camera,approser,,,,,WORKING
475,11239,NEYVELI (5)BLOCK,Camera,Camera,casher,,,,,NOT WORKING
476,11239,NEYVELI (5)BLOCK,Camera,Camera,Customer,,,,,NOT WORKING
477,11239,NEYVELI (5)BLOCK,Camera,Camera,customer 2,,,,,NOT WORKING
478,11239,NEYVELI (5)BLOCK,Camera,Camera,outdoor 1,,,,,NOT WORKING
479,11239,NEYVELI (5)BLOCK,Camera,Camera,safe,,,,,WORKING
480,11239,NEYVELI (5)BLOCK,COMPUTER ,CPU,SERVER /ALTOS G330 MK2,ACER,AWR3100113A121538IE,,AMC,WORKING
481,11239,NEYVELI (5)BLOCK,COMPUTER ,CPU,Vostro 200s Seris,DELL,16BQ2BS,,AMC,WORKING
482,11239,NEYVELI (5)BLOCK,COMPUTER ,CPU,Vostro 200s Seris,DELL,6M7S2BS,,AMC,WORKING
483,11239,NEYVELI (5)BLOCK,COMPUTER ,CPU,Vostro 200s Seris,DELL,C97S2BS,,AMC,WORKING
484,11239,NEYVELI (5)BLOCK,COMPUTER ,CPU,Vostro 200s Seris,DELL,J2DS2BS,SMPS PROBLEM,AMC,NOT WORKING
485,11239,NEYVELI (5)BLOCK,PRINTER,DOT MATRIX,Epson LQ 1310,Epson,TRMY002926,,,WORKING
486,11239,NEYVELI (5)BLOCK,PRINTER,DOT MATRIX,Epson LQ 1310,Epson,TRMY009590,,,WORKING
487,11239,NEYVELI (5)BLOCK,PRINTER,DOT MATRIX,LQ-1150II,EPSON,JSKY020685,STORE,AMC,NOT WORKING
488,11239,NEYVELI (5)BLOCK,PRINTER,DOT MATRIX,MSP 355 MARATHON,TVS,HBO3PD000887,STORE,AMC,NOT WORKING
489,11239,NEYVELI (5)BLOCK,PRINTER,DOT MATRIX,MSP455 XL,TVS,GBF2HD000462,STORE,AMC,NOT WORKING
490,11239,NEYVELI (5)BLOCK,PRINTER,DOT MATRIX,MSP455XLCLASSIC,TVS,KBL45D000811,,AMC,WORKING
491,11239,NEYVELI (5)BLOCK,COMPUTER ,MONITOR,SERVER /ALTOS G330 MK2,ACER,X87A1HA003612,,AMC,WORKING
492,11239,NEYVELI (5)BLOCK,COMPUTER ,MONITOR,DELL/CQCO8701024216,DELL,CN-OMO55F-74261-8B0-8MDU,,AMC,WORKING
493,11239,NEYVELI (5)BLOCK,COMPUTER ,MONITOR,DELL/CQCO8701024216,DELL,CN-OMO55F-74261-8B0-96RU,,AMC,WORKING
494,11239,NEYVELI (5)BLOCK,COMPUTER ,MONITOR,DELL/CQCO8701024216,DELL,CN-OMO55F-74261-8BB-7LFU,,AMC,WORKING
495,11239,NEYVELI (5)BLOCK,COMPUTER ,MONITOR,DELL/CQCO8701024216,DELL,CN-OMO55F-74261-8BO-988U,,AMC,WORKING
496,11239,NEYVELI (5)BLOCK,PRINTER,PASS BOOK DMP,PLQ-20,EPSON,G5AY013167,,AMC,WORKING
497,11239,NEYVELI (5)BLOCK,SCANNER,SCANNER,J232A,EPSON V30,KRZW008995,,AMC,WORKING
498,11246,MANGALAMPETTAI,UPS,UPS,UPS 3000,NUMERIC,I083206568,,AMC,WORKING
499,11250,MANGALORE,UPS,UPS,UPS 3000,NUMERIC,II140100962,,WARRANTY,WORKING
500,11239,NEYVELI (5)BLOCK,COMPUTER ,CPU,ACER POWER SERIES,ACER,AWP23GTS19A197687LE,,AMC,WORKING
501,11239,NEYVELI (5)BLOCK,COMPUTER ,MONITOR,ACER POWER SERIES,ACER,ETLF4080650080534E4221,,AMC,WORKING
502,11214,NEYVELI MAIN BAZAR,9URACK,9URACK,9URACK WALL MOUNTING,DAX,DAX9URACK009,,AMC,WORKING
503,11239,NEYVELI MAIN BAZAR,Camera,Camera,approser,,,,,NOT WORKING
504,11239,NEYVELI MAIN BAZAR,Camera,Camera,casher,,,,,WORKING
505,11239,NEYVELI MAIN BAZAR,Camera,Camera,Customer,,,,,WORKING
506,11239,NEYVELI MAIN BAZAR,Camera,Camera,customer 2,,,,,WORKING
507,11239,NEYVELI MAIN BAZAR,Camera,Camera,outdoor 1,,,,,WORKING
508,11239,NEYVELI MAIN BAZAR,Camera,Camera,outdoor 2,,,,,WORKING
509,11239,NEYVELI MAIN BAZAR,Camera,Camera,safe,,,,,WORKING
510,11214,NEYVELI MAIN BAZAR,COMPUTER ,CPU,Vostro 200s Seris,DELL,23DS2BS,,AMC,WORKING
511,11214,NEYVELI MAIN BAZAR,COMPUTER ,CPU,Vostro 200s Seris,DELL,587S2BS,,AMC,WORKING
512,11214,NEYVELI MAIN BAZAR,COMPUTER ,CPU,Vostro 200s Seris,DELL,83BQ2BS,,AMC,WORKING
513,11214,NEYVELI MAIN BAZAR,COMPUTER ,CPU,Vostro 200s Seris,DELL,DP7S2BS,,AMC,WORKING
514,11214,NEYVELI MAIN BAZAR,COMPUTER ,CPU,Vostro 200s Seris,DELL,H7BQ2BS,,AMC,WORKING
515,11214,NEYVELI MAIN BAZAR,COMPUTER ,CPU,SERVER /HP ML350G6,HP,3472480,STORE,AMC,NOT WORKING
516,11214,NEYVELI MAIN BAZAR,PRINTER,DOT MATRIX,Epson LQ 1310,EPSON,TRMY002918,,,WORKING
517,11214,NEYVELI MAIN BAZAR,PRINTER,DOT MATRIX,Epson LQ 1310,EPSON,TRMY009579,,,WORKING
518,11214,NEYVELI MAIN BAZAR,PRINTER,DOT MATRIX,MSP 355 MARATHON,TVS,HBO3PD000395,,AMC,WORKING
519,11214,NEYVELI MAIN BAZAR,PRINTER,DOT MATRIX,MSP455XLCLASSIC,TVS,KBL45D000754,STORE,WARRANTY,NOT WORKING
520,11214,NEYVELI MAIN BAZAR,PRINTER,DOT MATRIX,MSP455XLCLASSIC,TVS,KBL45D000771,STORE,WARRANTY,NOT WORKING
521,11214,NEYVELI MAIN BAZAR,PRINTER,DOT MATRIX,MSP455XLCLASSIC,TVS,KBL45D000814,STORE,WARRANTY,NOT WORKING
522,11214,NEYVELI MAIN BAZAR,PRINTER,LASER,ML-2245/XIP,SAMSUNG,144TBKBZ300264,STORE,AMC,NOT WORKING
523,11214,NEYVELI MAIN BAZAR,COMPUTER ,CPU,ACER POWER SERIES,ACER,AWP23GT619A110339LE,,AMC,WORKING
524,11214,NEYVELI MAIN BAZAR,COMPUTER ,CPU,VERITON M200-G41 Series,ACER,AW142GT014A522349LE,,AMC,WORKING
525,11214,NEYVELI MAIN BAZAR,COMPUTER ,MONITOR,DELL/CQCO8701024216,DELL,CN-OMO55F-74261-88K-3ARS-A00,,AMC,WORKING
526,11214,NEYVELI MAIN BAZAR,COMPUTER ,MONITOR,DELL/CQCO8701024216,DELL,CN-OMO55F-74261-88R-07PS-A00,,AMC,WORKING
527,11214,NEYVELI MAIN BAZAR,COMPUTER ,MONITOR,DELL/CQCO8701024216,DELL,CN-OMO55F-74261-895-157S,,AMC,WORKING
528,11214,NEYVELI MAIN BAZAR,COMPUTER ,MONITOR,DELL/CQCO8701024216,DELL,CN-OMO55F-74261-8BO-9JTU,,AMC,WORKING
529,11214,NEYVELI MAIN BAZAR,COMPUTER ,MONITOR,SERVER /HP ML350G6,MICROSTAR,196XM090600789,,AMC,WORKING
530,11214,NEYVELI MAIN BAZAR,COMPUTER ,MONITOR,DELL/CQCO8701024216,DELL,CN-OMO55F-74261-8BO-SMHU,,AMC,WORKING
531,11214,NEYVELI MAIN BAZAR,PRINTER,PASS BOOK DMP,PLQ-20,EPSON,G5AY013090,,AMC,WORKING
532,11214,NEYVELI MAIN BAZAR,SCANNER,SCANNER,cheque scanner,epson,70314469697,,,WORKING
533,11214,NEYVELI MAIN BAZAR,SCANNER,SCANNER,J232A,EPSON V30,KRZW009527,,AMC,WORKING
534,11214,NEYVELI MAIN BAZAR,SWITCH,SWITCH 24 PORT,TEH1224,TENDA,E1225010232000089,,WARRANTY,WORKING
535,11238,MANJAKUPPAM,UPS,UPS,UPS 3000,NUMERIC,I083206563,,AMC,WORKING
536,11214,NEYVELI MAIN BAZAR,COMPUTER ,MONITOR,ACER POWER SERIES,ACER,ETLF408065008053344221,,AMC,WORKING
537,11214,NEYVELI MAIN BAZAR,COMPUTER ,MONITOR,VERITON M200-G41 Series,ACER,AOCCHDNA4701660,,AMC,WORKING
538,11216,PANRUTI,9URACK,9URACK,9URACK WALL MOUNTING,DAX,DAX9URACK011,,AMC,WORKING
539,11216,PANRUTI,Camera,Camera,appraiser,,,,,WORKING
540,11216,PANRUTI,Camera,Camera,casher,,,,,WORKING
541,11216,PANRUTI,Camera,Camera,customer 2,,,,,WORKING
542,11216,PANRUTI,Camera,Camera,outdoor 1,,,,,WORKING
543,11216,PANRUTI,Camera,Camera,safe,,,,,WORKING
544,11216,PANRUTI,COMPUTER ,CPU,ACER POWER SERIES,ACER,AWP23GT619A197681LE,,AMC,WORKING
545,11216,PANRUTI,COMPUTER ,CPU,Vostro 200s Seris,DELL,199Q2BS,,AMC,WORKING
546,11216,PANRUTI,COMPUTER ,CPU,Vostro 200s Seris,DELL,1BBQ2BS,,AMC,WORKING
547,11216,PANRUTI,COMPUTER ,CPU,Vostro 200s Seris,DELL,2D4Q2BS,,AMC,WORKING
548,11216,PANRUTI,COMPUTER ,CPU,SERVER /HP ML350G6,HP,SGH949X329,STORE,AMC,NOT WORKING
549,11216,PANRUTI,PRINTER,DOT MATRIX,Epson LQ 1310,EPSON,TRMY009571,,,WORKING
550,11216,PANRUTI,PRINTER,DOT MATRIX,Epson LQ 1310,EPSON,TRMY009669,,,WORKING
551,11216,PANRUTI,PRINTER,DOT MATRIX,LQ-1150II,EPSON,JSKY019291,STORE,AMC,NOT WORKING
552,11216,PANRUTI,PRINTER,DOT MATRIX,MSP 355 MARATHON,TVS,HBP3PD000562,STORE,AMC,NOT WORKING
553,11216,PANRUTI,PRINTER,DOT MATRIX,MSP455XLCLASSIC,TVS,KBL45D000802,STORE,AMC,NOT WORKING
554,11216,PANRUTI,PRINTER,DOT MATRIX,MSP455XLCLASSIC,TVS,KBL45D000817,STORE,AMC,NOT WORKING
555,11216,PANRUTI,COMPUTER ,CPU,VERITON M200-G41 Series,ACER,AWI42GT014A522350LE,,AMC,WORKING
556,11216,PANRUTI,COMPUTER ,CPU,VERITON M200-G41 Series,ACER,AWI42GT014A522360LE,,AMC,WORKING
557,11216,PANRUTI,COMPUTER ,MONITOR,ACER POWER SERIES,ACER,ETLF408065952138004221,,AMC,WORKING
558,11216,PANRUTI,COMPUTER ,MONITOR,DELL/CQCO8701024216,DELL,CN-OMO55F-74261-8BB-75YU,,AMC,WORKING
559,11216,PANRUTI,COMPUTER ,MONITOR,DELL/CQCO8701024216,DELL,CN-OMO55F-74261-8BK-276U,,AMC,WORKING
560,11216,PANRUTI,COMPUTER ,MONITOR,DELL/CQCO8701024216,DELL,CN-OMO55F-74261-8BO-14LV,,AMC,WORKING
561,11216,PANRUTI,COMPUTER ,MONITOR,DELL/CQCO8701024216,DELL,CN-OMO55F-74261-8BO-96FU,,AMC,WORKING
562,11216,PANRUTI,COMPUTER ,MONITOR,DELL/CQCO8701024216,DELL,CN-OMO55F-74261-8BO-9JKU,,AMC,WORKING
563,11216,PANRUTI,COMPUTER ,MONITOR,SERVER /HP ML350G6,MICROSTAR,916XM090600261,,AMC,MISS
564,11216,PANRUTI,PRINTER,PASS BOOK DMP,PLQ-20,EPSON,G5AY013091,,AMC,WORKING
565,11216,PANRUTI,SCANNER,SCANNER,J232A,EPSON V30,KRZW009011,,AMC,WORKING
566,11216,PANRUTI,SWITCH,SWITCH 24 PORT,TEH1224,TENDA,E1225010232000093,,WARRANTY,WORKING
567,11213,NELLIKUPPAM,UPS,UPS,UPS 3000,NUMERIC,I083206557,,AMC,WORKING
568,11239,NEYVELI (5)BLOCK,UPS,UPS,UPS 5000,KELTRON,200811433,STORE,AMC,NOT WORKING
569,11216,PANRUTI,COMPUTER ,MONITOR,VERITON M200-G41 Series,ACER,AOCCHDNA4700483Q,,AMC,WORKING
570,11216,PANRUTI,COMPUTER ,MONITOR,VERITON M200-G41 Series,ACER,AOCCHDNA4700522,,AMC,MISS
571,11217,PARANGIPETTAI,PRINTER,DOT MATRIX,MSP 355 MARATHON,TVS,HBO3PD000434,,AMC,
572,11217,PARANGIPETTAI,SWITCH,24 PORT,DX5024WS 10/100 Mbps,DAX,E5024WS-08-28-000241,,NOT AMC,WORKING
573,11217,PARANGIPETTAI,9URACK,9URACK,9URACK WALL MOUNTING,DAX,DAX9URACK012,,AMC,WORKING
574,11217,PARANGIPETTAI,Camera,Camera,appraiser,,,,,WORKING
575,11217,PARANGIPETTAI,Camera,Camera,casher,,,,,WORKING
576,11217,PARANGIPETTAI,Camera,Camera,Customer,,,,,WORKING
577,11217,PARANGIPETTAI,Camera,Camera,outdoor 1,,,,,WORKING
578,11217,PARANGIPETTAI,Camera,Camera,safe,,,,,NOT WORKING
579,11217,PARANGIPETTAI,COMPUTER ,CPU,Vostro 200s Seris,DELL,5P782BS,,AMC,WORKING
580,11217,PARANGIPETTAI,COMPUTER ,CPU,Vostro 200s Seris,DELL,C3DS2BS,,AMC,WORKING
581,11217,PARANGIPETTAI,COMPUTER ,CPU,Vostro 200s Seris,DELL,DN7S2BS,,AMC,WORKING
582,11217,PARANGIPETTAI,PRINTER,DOT MATRIX,Epson LQ 1310,EPSON,TRMY009588,,,WORKING
583,11217,PARANGIPETTAI,PRINTER,DOT MATRIX,LQ-1150II,EPSON,JSKY019265,STORE,AMC,NOT WORKING
584,11217,PARANGIPETTAI,PRINTER,DOT MATRIX,MSP 355 MARATHON,TVS,HBO3PD000396,STORE,AMC,NOT WORKING
585,11217,PARANGIPETTAI,PRINTER,DOT MATRIX,MSP 355 MARATHON,TVS,HBO3PD000498,STORE,AMC,NOT WORKING
586,11217,PARANGIPETTAI,PRINTER,DOT MATRIX,MSP 355 MARATHON,TVS,HBO3PD000543,,AMC,WORKING
587,11217,PARANGIPETTAI,COMPUTER ,MONITOR,DELL/CQCO8701024216,DELL,CN-OMO55F-74261-8BB-7MOU,,AMC,WORKING
588,11217,PARANGIPETTAI,COMPUTER ,MONITOR,DELL/CQCO8701024216,DELL,CN-OMO55F-74261-8BK-252U,,AMC,WORKING
589,11217,PARANGIPETTAI,COMPUTER ,MONITOR,DELL/CQCO8701024216,DELL,CN-OMO55F-74261-8BK-2D4U,,AMC,WORKING
590,11217,PARANGIPETTAI,PRINTER,PASS BOOK DMP,PLQ-20,EPSON,G5AY012772,,AMC,WORKING
591,11217,PARANGIPETTAI,SCANNER,SCANNER,J232A,EPSON V39,VCJY001460,,AMC,WORKING
592,11217,PARANGIPETTAI,SWITCH,SWITCH 24 PORT,TEG1024D,TENDA,E1064011231000140,,WARRANTY,WORKING
593,11239,NEYVELI (5)BLOCK,UPS,UPS,UPS 2000,,I081102146,,AMC,WORKING
594,11217,PARANGIPETTAI,COMPUTER ,CPU,VERITON M200-G41 Series,ACER,AW142GT014A461095LE,,AMC,WORKING
595,11217,PARANGIPETTAI,COMPUTER ,MONITOR,VERITON M200-G41 Series,ACER,AOCCHDNA4701554,,AMC,WORKING
596,11218,PENNADAM,SWITCH,24 PORT,DX5024WS 10/100 Mbps,DAX,E5024WS-08-28-000245,,NOT AMC,WORKING
597,11218,PENNADAM,9URACK,9URACK,9URACK WALL MOUNTING,DAX,DAX9URACK013,,AMC,WORKING
598,11218,PENNADAM,Camera,Camera,appraiser,,,,,WORKING
599,11218,PENNADAM,Camera,Camera,casher,,,,,WORKING
600,11218,PENNADAM,Camera,Camera,Customer,,,,,WORKING
601,11218,PENNADAM,Camera,Camera,customer 2,,,,,WORKING
602,11218,PENNADAM,Camera,Camera,outdoor 1,,,,,WORKING
603,11218,PENNADAM,Camera,Camera,outdoor 2,,,,,WORKING
604,11218,PENNADAM,Camera,Camera,safe,,,,,WORKING
605,11218,PENNADAM,COMPUTER ,CPU,SERVER /ALTOS G330 MK2,ACER,AWR3100113A121540LE,,AMC,WORKING
606,11218,PENNADAM,COMPUTER ,CPU,ACER POWER SERIES,ACER,AWP23GT619A197668LE,,AMC,WORKING
607,11218,PENNADAM,COMPUTER ,CPU,Vostro 200s Seris,DELL,5X7Q286,SMPS PROBLEM,AMC,NOT WORKING
608,11218,PENNADAM,COMPUTER ,CPU,Vostro 200s Seris,DELL,B77S2BS,,AMC,WORKING
609,11218,PENNADAM,COMPUTER ,CPU,Vostro 200s Seris,DELL,17GQ2BS,SMPS PROBLEM,AMC,WORKING
610,11218,PENNADAM,PRINTER,DOT MATRIX,Epson LQ 1310,EPSON,TRMY002906,,,WORKING
611,11218,PENNADAM,PRINTER,DOT MATRIX,LQ-1150II,EPSON,JSKY019292,STORE,AMC,NOT WORKING
612,11218,PENNADAM,PRINTER,DOT MATRIX,LQ-1150II,EPSON,JSKY019683,STORE,AMC,NOT WORKING
613,11218,PENNADAM,PRINTER,DOT MATRIX,LQ-1150II,EPSON,JSKY019684,STORE,AMC,NOT WORKING
614,11218,PENNADAM,PRINTER,DOT MATRIX,MSP 355 MARATHON,TVS,GBP3PD000312,STORE,AMC,NOT WORKING
615,11218,PENNADAM,PRINTER,DOT MATRIX,MSP 355 MARATHON,TVS,HBP3PD000521,STORE,AMC,NOT WORKING
616,11218,PENNADAM,PRINTER,DOT MATRIX,MSP 355 MARATHON,TVS,HBP3PD000524,STORE,AMC,NOT WORKING
617,11218,PENNADAM,PRINTER,DOT MATRIX,MSP 355 MARATHON,TVS,HBP3PD000610,STORE,AMC,NOT WORKING
618,11218,PENNADAM,PRINTER,DOT MATRIX,MSP455XLCLASSIC,TVS,KBL45D000373,STORE,AMC,NOT WORKING
619,11218,PENNADAM,PRINTER,DOT MATRIX,MSP455XLCLASSIC,TVS,KBL45D000787,,AMC,WORKING
620,11218,PENNADAM,COMPUTER ,CPU,ACER POWER SERIES,ACER,AWP23GT619A197694LE,,AMC,WORKING
621,11200,PENNADAM,COMPUTER ,CPU,VERITON M200-H61 Series,ACER,UDVD9SI1217C4140637,,WARRANTY,WORKING
622,11218,PENNADAM,COMPUTER ,MONITOR,SERVER /ALTOS G330 MK2,ACER,X87A1HA001517,,AMC,WORKING
623,11218,PENNADAM,COMPUTER ,MONITOR,DELL/CQCO8701024216,DELL,CN-OMO55F-74261- 8B0-8MJU,,AMC,WORKING
624,11218,PENNADAM,COMPUTER ,MONITOR,DELL/CQCO8701024216,DELL,CN-OMO55F-74261-8BK-26UU,,AMC,WORKING
625,11218,PENNADAM,COMPUTER ,MONITOR,DELL/CQCO8701024216,DELL,CN-OMO55F-74261-8BO-99DU,,AMC,WORKING
626,11218,PENNADAM,COMPUTER ,MONITOR,DELL/CQCO8701024216,DELL,CN-OMO55F-74261-SSR-OKUS-AOO,,AMC,WORKING
627,11218,PENNADAM,PRINTER,PASS BOOK DMP,PLQ-20,EPSON,G5AY013158,,AMC,WORKING
628,11218,PENNADAM,SCANNER,SCANNER,J232A,EPSON V39,BCJY003591,,AMC,WORKING
629,11214,NEYVELI MAIN BAZAR,UPS,UPS,UPS 5000,KELTRON,200811428,,AMC,WORKING
630,11218,PENNADAM,COMPUTER ,MONITOR,ACER POWER SERIES,ACER,ETLF4080650080524C4221,,AMC,WORKING
631,11218,PENNADAM,COMPUTER ,MONITOR,ACER POWER SERIES,ACER,ETLF408065008052EE4221,,AMC,WORKING
632,11248,PUDHUPALAYAM,SWITCH,24 PORT,,DIG,,,NOT AMC,WORKING
633,11248,PUDHUPALAYAM,SWITCH,24 PORT,,TENDA,,,NOT AMC,WORKING
634,11248,PUDHUPALAYAM,COMPUTER ,CPU,Vostro 200s Seris,DELL,FR7Q2BS,,AMC,WORKING
635,11200,PUDHUPALAYAM,PRINTER,DOT MATRIX,MSP455XLCLASSIC,TVS,KBL45D000775,,AMC,WORKING
636,11248,PUDHUPALAYAM,PRINTER,DOT MATRIX,MSP455XLCLASSIC,TVS,KBL45D000759,STORE,AMC,NOT WORKING
637,11248,PUDHUPALAYAM,PRINTER,LASER,EPSON,EPSON M200,S2LYO66366,,AMC,WORKING
638,11248,PUDHUPALAYAM,COMPUTER ,CPU,VERITON M200-G41 Series,ACER,AWP23GT619A197693LE,,AMC,WORKING
639,11248,PUDHUPALAYAM,COMPUTER ,CPU,VERITON M200-H61 Series,ACER,UDVD9SI1217C4140627,,WARRANTY,WORKING
640,11248,PUDHUPALAYAM,COMPUTER ,MONITOR,DELL/CQCO8701024216,DELL,CN-OMO55F-74261-8BB-7LYU,,AMC,WORKING
641,11248,PUDHUPALAYAM,PRINTER,PASS BOOK DMP,PLQ-20,EPSON,G5AY013085,,AMC,WORKING
642,11248,PUDHUPALAYAM,SCANNER,SCANNER,,EPSON V33,RMVW002793,,WARRANTY,WORKING
643,11216,PANRUTI,UPS,UPS,UPS 5000,KELTRON,200811430,,AMC,WORKING
644,11248,PUDHUPALAYAM,COMPUTER ,MONITOR,ACER POWER SERIES,ACER,ETLF4080650080532D4221,,AMC,WORKING
645,11248,PUDHUPALAYAM,COMPUTER ,MONITOR,ACER/V193HQVB 18.5H,ACER,MMLKXSS001233036C34302,,WARRANTY,WORKING
646,11245,SEMMANDALAM,PRINTER,DOT MATRIX,MSP 355 MARATHON,TVS,HBO3PD000357,,AMC,
647,11245,SEMMANDALAM,SWITCH,24 PORT,DX5024WS 10/100 Mbps,DAX,E5024WS-08-28-000211,,NOT AMC,WORKING
648,11245,SEMMANDALAM,9URACK,9URACK,9URACK WALL MOUNTING,DAX,DAX9URACK025,,AMC,WORKING
649,11245,SEMMANDALAM,Camera,Camera,appraiser,,,,,WORKING
650,11245,SEMMANDALAM,Camera,Camera,casher,,,,,WORKING
651,11245,SEMMANDALAM,Camera,Camera,customer 2,,,,,WORKING
652,11245,SEMMANDALAM,Camera,Camera,outdoor 1,,,,,NOT WORKING
653,11245,SEMMANDALAM,Camera,Camera,outdoor 2,,,,,NOT WORKING
654,11245,SEMMANDALAM,Camera,Camera,safe,,,,,WORKING
655,11245,SEMMANDALAM,COMPUTER ,CPU,Vostro 200s Seris,DELL,1MHS2BS,,AMC,WORKING
656,11245,SEMMANDALAM,COMPUTER ,CPU,Vostro 200s Seris,DELL,HF7Q2BS,,AMC,WORKING
657,11245,SEMMANDALAM,PRINTER,DOT MATRIX,MSP 355 MARATHON,TVS,HBP3PD000549,,AMC,WORKING
658,11245,SEMMANDALAM,PRINTER,DOT MATRIX,MSP 355 MARATHON,TVS,HBP3PD000608,,AMC,WORKING
659,11245,SEMMANDALAM,PRINTER,DOT MATRIX,Epson LQ 1310,EPSON,TRMY009592,,,WORKING
660,11245,SEMMANDALAM,PRINTER,DOT MATRIX,MSP455XLCLASSIC,TVS,KBL45D000847,STORE,AMC,NOT WORKING
661,11245,SEMMANDALAM,COMPUTER ,CPU,VERITON M200-H61 Series,ACER,UDVD9SI1217C4140729,,WARRANTY,WORKING
662,11245,SEMMANDALAM,COMPUTER ,MONITOR,DELL/CQCO8701024216,DELL,CN-OMO55F-74261-87F-7FUS,,AMC,WORKING
663,11245,SEMMANDALAM,COMPUTER ,MONITOR,DELL/CQCO8701024216,DELL,CN-OMO55F-74261-88R-0K4S-A00,,AMC,WORKING
664,11245,SEMMANDALAM,COMPUTER ,MONITOR,DELL/CQCO8701024216,DELL,CN-OMO55F-74261-8BB-7UGU,,AMC,WORKING
665,11245,SEMMANDALAM,COMPUTER ,CPU,ACER POWER SERIES,ACER,AWP23GT619A197697LE,,AMC,WORKING
666,11245,SEMMANDALAM,PRINTER,PASS BOOK DMP,PLQ-20,EPSON,G5AY013111,,AMC,WORKING
667,11245,SEMMANDALAM,SCANNER,SCANNER,J232A,EPSON V30,KRZW009016,,AMC,WORKING
668,11216,PANRUTI,UPS,UPS,UPS 2000,,I070200109,,AMC,WORKING
669,11245,SEMMANDALAM,COMPUTER ,MONITOR,ACER/V193HQVB 18.5H,ACER,MMLKXSS0012330368C4302,,WARRANTY,WORKING
670,11245,SEMMANDALAM,COMPUTER ,MONITOR,ACER POWER SERIES,ACER,ETLF4080650080533D4221,,AMC,WORKING
671,11241,SETHIYATHOPE,SWITCH,24 PORT,DX5024WS 10/100 Mbps,DAX,E5024WS-08-28-000172,,NOT AMC,WORKING
672,11241,SETHIYATHOPE,9URACK,9URACK,9URACK WALL MOUNTING,DAX,DAX9URACK022,,AMC,WORKING
673,11241,SETHIYATHOPE,Camera,Camera,appraiser,,,,,WORKING
674,11241,SETHIYATHOPE,Camera,Camera,casher,,,,,WORKING
675,11241,SETHIYATHOPE,Camera,Camera,Customer,,,,,WORKING
676,11241,SETHIYATHOPE,Camera,Camera,customer 2,,,,,WORKING
677,11241,SETHIYATHOPE,Camera,Camera,outdoor 1,,,,,WORKING
678,11241,SETHIYATHOPE,Camera,Camera,safe,,,,,NOT WORKING
679,11241,SETHIYATHOPE,COMPUTER ,CPU,SERVER /ALTOS G330 MK2,ACER,AWR100113A1215521E,,AMC,WORKING
680,11241,SETHIYATHOPE,COMPUTER ,CPU,Vostro 200s Seris,DELL,44D62B6,,AMC,WORKING
681,11241,SETHIYATHOPE,COMPUTER ,CPU,Vostro 200s Seris,DELL,G4BQ2BS,,AMC,WORKING
682,11241,SETHIYATHOPE,COMPUTER ,CPU,Vostro 200s Seris,DELL,JMH52BS,,AMC,WORKING
683,11241,SETHIYATHOPE,PRINTER,DOT MATRIX,Epson LQ 1310,EPSON,TRMY009580,,,WORKING
684,11241,SETHIYATHOPE,PRINTER,DOT MATRIX,Epson LQ 1310,EPSON,TRMY009583,,,WORKING
685,11241,SETHIYATHOPE,PRINTER,DOT MATRIX,LQ-1150II,EPSON,JSKY020594,STORE,AMC,NOT WORKING
686,11241,SETHIYATHOPE,PRINTER,DOT MATRIX,MSP 355 MARATHON,TVS,HBP3PD000568,,AMC,WORKING
687,11241,SETHIYATHOPE,PRINTER,DOT MATRIX,MSP 355 MARATHON,TVS,HBP3PD000595,STORE,AMC,NOT WORKING
688,11241,SETHIYATHOPE,COMPUTER ,MONITOR,SERVER /ALTOS G330 MK2,ACER,X87A1HA001518,,AMC,WORKING
689,11241,SETHIYATHOPE,COMPUTER ,MONITOR,DELL/CQCO8701024216,DELL,CN-OMO55F-74261-8B0-8MUU,,AMC,WORKING
690,11241,SETHIYATHOPE,COMPUTER ,MONITOR,DELL/CQCO8701024216,DELL,CN-OMO55F-74261-8BK-116U,,AMC,WORKING
691,11241,SETHIYATHOPE,COMPUTER ,MONITOR,DELL/CQCO8701024216,DELL,CN-OMO55F-74261-8BR-98PU,,AMC,WORKING
692,11241,SETHIYATHOPE,PRINTER,PASS BOOK DMP,PLQ-20,EPSON,G5AY013162,,AMC,WORKING
693,11241,SETHIYATHOPE,SCANNER,SCANNER,J232A,EPSON V30,KRZW009003,,AMC,NOT WORKING
694,11241,SETHIYATHOPE,SWITCH,SWITCH 24 PORT,TEH1224,TENDA,E1225010232000098,,WARRANTY,WORKING
695,11217,PARANGIPETTAI,UPS,UPS,UPS 3000,NUMERIC,I083206559,,AMC,WORKING
696,11241,SETHIYATHOPE,COMPUTER ,CPU,VERITON M200-G41 Series,ACER,AW142GT014A522351LE,,AMC,WORKING
697,11241,SETHIYATHOPE,COMPUTER ,MONITOR,VERITON M200-G41 Series,ACER,AOCCHDNA4701447,,AMC,WORKING
698,11222,SRIMUSHNAM,SWITCH,24 PORT,DX5024WS 10/100 Mbps,DAX,E5024WS-08-28-000166,,NOT AMC,WORKING
699,11222,SRIMUSHNAM,9URACK,9URACK,9URACK WALL MOUNTING,DAX,DAX9URACK014,,AMC,WORKING
700,11222,SRIMUSHNAM,Camera,Camera,appraiser,,,,,NOT WORKING
701,11222,SRIMUSHNAM,Camera,Camera,casher,,,,,NOT WORKING
702,11222,SRIMUSHNAM,Camera,Camera,customer 2,,,,,NOT WORKING
703,11222,SRIMUSHNAM,Camera,Camera,outdoor 1,,,,,NOT WORKING
704,11222,SRIMUSHNAM,Camera,Camera,safe,,,,,NOT WORKING
705,11222,SRIMUSHNAM,COMPUTER ,CPU,Vostro 200s Seris,DELL,25502BS,,AMC,WORKING
706,11222,SRIMUSHNAM,COMPUTER ,CPU,Vostro 200s Seris,DELL,3P782BS,,AMC,WORKING
707,11222,SRIMUSHNAM,COMPUTER ,CPU,Vostro 200s Seris,DELL,4N7S2BS,,AMC,WORKING
708,11222,SRIMUSHNAM,PRINTER,DOT MATRIX,Epson LQ 1310,EPSON,TRMY009584,,,WORKING
709,11222,SRIMUSHNAM,PRINTER,DOT MATRIX,LQ-1150II,EPSON,JSKY019704,STORE,AMC,WORKING
710,11222,SRIMUSHNAM,PRINTER,DOT MATRIX,LQ-1150II,EPSON,JSKY020676,STORE,AMC,WORKING
711,11222,SRIMUSHNAM,PRINTER,DOT MATRIX,MSP 355 MARATHON,TVS,HBO3PD000360,,AMC,WORKING
712,11222,SRIMUSHNAM,PRINTER,DOT MATRIX,MSP 355 MARATHON,TVS,HBO3PD000583,STORE,AMC,NOT WORKING
713,11222,SRIMUSHNAM,PRINTER,DOT MATRIX,Epson LQ 1310,EPSON,TRMY009585,,,WORKING
714,11222,SRIMUSHNAM,COMPUTER ,MONITOR,DELL/CQCO8701024216,DELL,CN-OMO55F-74261-8BO-8KTU,,AMC,WORKING
715,11222,SRIMUSHNAM,COMPUTER ,MONITOR,DELL/CQCO8701024216,DELL,CN-OMO55F-74261-8BO-96BU,,AMC,WORKING
716,11222,SRIMUSHNAM,COMPUTER ,MONITOR,DELL/CQCO8701024216,DELL,CN-OMO55F-74261-8BO-98TU,,AMC,WORKING
717,11222,SRIMUSHNAM,PRINTER,PASS BOOK DMP,PLQ-20,EPSON,G5AY012617,,AMC,WORKING
718,11222,SRIMUSHNAM,SCANNER,SCANNER,J232A,EPSON V30,KRZW009013,,AMC,WORKING
719,11218,PENNADAM,UPS,UPS,UPS 5000,KELTRON,200811431,,AMC,WORKING
720,11222,SRIMUSHNAM,COMPUTER ,CPU,VERITON M200-G41 Series,ACER,AW142GT014A522355LE,,AMC,WORKING
721,11222,SRIMUSHNAM,COMPUTER ,MONITOR,VERITON M200-G41 Series,ACER,AOCCHDNA4701722,,AMC,WORKING
722,11200,STORE,PRINTER,DOT MATRIX,LQ-1150II,EPSON,JSKY020683Q,,AMC,
723,11200,STORE,PRINTER,DOT MATRIX,LQ-1150II,EPSON,JSKY020938,,AMC,
724,11200,STORE,PRINTER,DOT MATRIX,MSP 355 MARATHON,TVS,HBO3PD000448,,AMC,
725,11200,STORE,PRINTER,DOT MATRIX,MSP 355 MARATHON,TVS,HBO3PD000476,,AMC,
726,11200,STORE,PRINTER,DOT MATRIX,MSP 355 MARATHON,TVS,HBO3PD000481,,AMC,
727,11200,STORE,PRINTER,DOT MATRIX,MSP 355 MARATHON,TVS,HBP3PD000611Q,,AMC,
728,11200,STORE,PRINTER,DOT MATRIX,MSP455 XL,TVS,GBF2HD000075,,AMC,NOT WORKING
729,11200,STORE,PRINTER,DOT MATRIX,MSP455XLCLASSIC,TVS,KBL45D000799,,WARRANTY,NOT WORKING
730,11200,STORE,COMPUTER ,CPU,SERVER /HP ML350G6,HP,SGH949X338,,AMC,NOT WORKING
731,11200,STORE,COMPUTER ,CPU,Vostro 200s Seris,DELL,GM7S2BS,mother board problem,AMC,NOT WORKING
732,11200,STORE,COMPUTER ,CPU,Vostro 200s Seris,DELL,C65Q2BS,mother board problem,AMC,NOT WORKING
733,11200,STORE,COMPUTER ,CPU,Vostro 200s Seris,DELL,D67S2BS,mother board problem,AMC,NOT WORKING
734,11200,STORE,COMPUTER ,CPU,Vostro 200s Seris,DELL,2HLQ2BS,mother board problem,AMC,NOT WORKING
735,11232,STORE,COMPUTER ,CPU,LENOVO,LENOVO,STAND BY SYSTEM,,,WORKING
736,11232,STORE,COMPUTER ,CPU,LENOVO,LENOVO,STAND BY SYSTEM,,,WORKING
737,11200,STORE,PRINTER,DOT MATRIX,MSP 355 MARATHON,TVS,FBS2NC006603,,AMC,NOT WORKING
738,11200,STORE,PRINTER,DOT MATRIX,MSP 355 MARATHON,TVS,HBO3PD000385,,AMC,NOT WORKING
739,11200,STORE,PRINTER,DOT MATRIX,MSP 355 MARATHON,TVS,HBO3PD000396,,AMC,NOT WORKING
740,11200,STORE,PRINTER,DOT MATRIX,MSP 355 MARATHON,TVS,HBO3PD000546,,AMC,NOT WORKING
741,11200,STORE,PRINTER,DOT MATRIX,LQ-1150II,EPSON,JSKY019288,,AMC,NOT WORKING
742,11200,STORE,PRINTER,DOT MATRIX,LQ-1150II,EPSON,JSKY019381,,AMC,NOT WORKING
743,11200,STORE,PRINTER,DOT MATRIX,LQ-1150II,EPSON,JSKY020677,,AMC,NOT WORKING
744,11200,STORE,PRINTER,DOT MATRIX,LQ-1150II,EPSON,JSKY020682,,AMC,NOT WORKING
745,11200,STORE,PRINTER,DOT MATRIX,LQ-1150II,EPSON,JSKY019414,,AMC,NOT WORKING
746,11200,STORE,PRINTER,DOT MATRIX,MSP 355 MARATHON,TVS,HBO3PD000327,,AMC,NOT WORKING
747,11200,STORE,PRINTER,DOT MATRIX,MSP 355 MARATHON,TVS,HBO3PD000359,,AMC,NOT WORKING
748,11200,STORE,PRINTER,DOT MATRIX,MSP 355 MARATHON,TVS,HBO3PD000369,,AMC,NOT WORKING
749,11200,STORE,PRINTER,DOT MATRIX,MSP 355 MARATHON,TVS,HBO3PD000374,,AMC,NOT WORKING
750,11200,STORE,PRINTER,DOT MATRIX,MSP 355 MARATHON,TVS,HBO3PD000376,,AMC,NOT WORKING
751,11200,STORE,PRINTER,DOT MATRIX,MSP 355 MARATHON,TVS,HBO3PD000383,,AMC,NOT WORKING
752,11200,STORE,PRINTER,DOT MATRIX,MSP 355 MARATHON,TVS,HBO3PD000397,,AMC,NOT WORKING
753,11200,STORE,PRINTER,DOT MATRIX,MSP 355 MARATHON,TVS,HBP3PD000581,,AMC,NOT WORKING
754,11200,STORE,PRINTER,DOT MATRIX,MSP 355 MARATHON,TVS,HBP3PD000588,,AMC,NOT WORKING
755,11200,STORE,PRINTER,DOT MATRIX,MSP 355 MARATHON,TVS,HBP3PD000611,,AMC,NOT WORKING
756,11200,STORE,PRINTER,DOT MATRIX,MSP455 XL,TVS,GB12HD000361,,AMC,NOT WORKING
757,11200,STORE,PRINTER,DOT MATRIX,MSP455 XL,TVS,GB12HD000423,,AMC,NOT WORKING
758,11200,STORE,PRINTER,DOT MATRIX,MSP455 XL,TVS,GB12HD000449,,AMC,NOT WORKING
759,11200,STORE,PRINTER,DOT MATRIX,MSP455 XL,TVS,GB1H2D000471,,AMC,NOT WORKING
760,11200,STORE,PRINTER,DOT MATRIX,MSP455 XL,TVS,GBF2HD000153,,AMC,NOT WORKING
761,11200,STORE,PRINTER,DOT MATRIX,MSP455 XL,TVS,GBI2HD000369,,AMC,NOT WORKING
762,11200,STORE,PRINTER,DOT MATRIX,MSP455 XL,TVS,GPF2HD000055,,AMC,NOT WORKING
763,11200,STORE,PRINTER,DOT MATRIX,MSP455XLCLASSIC,TVS,KBL45D000815,,WARRANTY,NOT WORKING
764,11200,STORE,COMPUTER ,MONITOR,ACER POWER SERIES,ACER,ETLA8040389330850B4314,,AMC,
765,11200,STORE,COMPUTER ,MONITOR,VERITON M200-G41 Series,ACER,AOCCHDNA4701505,,AMC,
766,11200,STORE,COMPUTER ,MONITOR,DELL/CQCO8701024216,DELL,CN-OMO55F-74261-895-14KS,,AMC,
767,11200,STORE,COMPUTER ,MONITOR,DELL/CQCO8701024216,DELL,CN-OMO55F-74261-8A4-0DCU,,AMC,
768,11200,STORE,COMPUTER ,MONITOR,SERVER /HP ML350G6,MICROSTAR,916XM090600729,,AMC,
769,11200,STORE,COMPUTER ,MONITOR,SERVER /HP ML350G6,MICROSTAR,916XM090600261,,AMC,
770,11200,STORE,SCANNER,SCANNER,J232A,EPSON V30,KRZW008996,,AMC,
771,11248,PUDHUPALAYAM,UPS,UPS,UPS 2000,NUMERIC,I081102145,,AMC,WORKING
772,11226,THIRUPPADHIRIPULIYUR,SWITCH,24 PORT,DX5024WS 10/100 Mbps,DAX,E5024WS-08-28-000180,,NOT AMC,WORKING
773,11226,THIRUPPADHIRIPULIYUR,SWITCH,24 PORT,,TENDA,,,NOT AMC,WORKING
774,11226,THIRUPPADHIRIPULIYUR,9URACK,9URACK,9URACK WALL MOUNTING,DAX,DAX9URACK015,,AMC,WORKING
775,11226,THIRUPPADHIRIPULIYUR,Camera,Camera,appraiser,,,,,NOT WORKING
776,11226,THIRUPPADHIRIPULIYUR,Camera,Camera,casher,,,,,NOT WORKING
777,11226,THIRUPPADHIRIPULIYUR,Camera,Camera,Customer,,,,,NOT WORKING
778,11226,THIRUPPADHIRIPULIYUR,Camera,Camera,customer 2,,,,,NOT WORKING
779,11226,THIRUPPADHIRIPULIYUR,Camera,Camera,outdoor 1,,,,,NOT WORKING
780,11226,THIRUPPADHIRIPULIYUR,Camera,Camera,outdoor 2,,,,,NOT WORKING
781,11226,THIRUPPADHIRIPULIYUR,Camera,Camera,safe,,,,,NOT WORKING
782,11226,THIRUPPADHIRIPULIYUR,COMPUTER ,CPU,Vostro 200s Seris,DELL,B2BQ2BS,,,WORKING
783,11226,THIRUPPADHIRIPULIYUR,COMPUTER ,CPU,SERVER /ALTOS G330 MK2,ACER,AWR3100113A121542IE,,AMC,WORKING
784,11226,THIRUPPADHIRIPULIYUR,COMPUTER ,CPU,VERITON M200-G41 Series,ACER,AW142GT014A522358IE,,AMC,WORKING
785,11226,THIRUPPADHIRIPULIYUR,COMPUTER ,CPU,Vostro 200s Seris,DELL,2K7Q2BS,,AMC,WORKING
786,11226,THIRUPPADHIRIPULIYUR,COMPUTER ,CPU,Vostro 200s Seris,DELL,6HBQ2BS,,AMC,WORKING
787,11226,THIRUPPADHIRIPULIYUR,COMPUTER ,CPU,Vostro 200s Seris,DELL,F1BQ2BS,,AMC,WORKING
788,11226,THIRUPPADHIRIPULIYUR,PRINTER,DOT MATRIX,Epson LQ 1310,EPSON,TRMY009570,,,WORKING
789,11226,THIRUPPADHIRIPULIYUR,PRINTER,DOT MATRIX,Epson LQ 1310,EPSON,TRMY009572,,,WORKING
790,11226,THIRUPPADHIRIPULIYUR,PRINTER,DOT MATRIX,LQ-1150II,EPSON,JSKY020685Q,STORE,AMC,NOT WORKING
791,11226,THIRUPPADHIRIPULIYUR,PRINTER,DOT MATRIX,MSP 355 MARATHON,TVS,HBO3PD000375,,AMC,WORKING
792,11226,THIRUPPADHIRIPULIYUR,PRINTER,DOT MATRIX,MSP455XLCLASSIC,TVS,KBL45D000784,STORE,AMC,NOT WORKING
793,11226,THIRUPPADHIRIPULIYUR,COMPUTER ,MONITOR,SERVER /ALTOS G330 MK2,ACER,X87A1HA003631,,AMC,WORKING
794,11226,THIRUPPADHIRIPULIYUR,COMPUTER ,MONITOR,DELL/CQCO8701024216,DELL,CN-OMO55F-74261-8BB-7M8U,,AMC,WORKING
795,11226,THIRUPPADHIRIPULIYUR,COMPUTER ,MONITOR,DELL/CQCO8701024216,DELL,CN-OMO55F-74261-8BK-13RU,,AMC,WORKING
796,11226,THIRUPPADHIRIPULIYUR,COMPUTER ,MONITOR,DELL/CQCO8701024216,DELL,CN-OMO55F-74261-8BO-8LJU,,AMC,WORKING
797,11226,THIRUPPADHIRIPULIYUR,COMPUTER ,MONITOR,DELL/CQCO8701024216,DELL,CN-OMO55F-74261-8BO-8LUU,,AMC,WORKING
798,11226,THIRUPPADHIRIPULIYUR,PRINTER,PASS BOOK DMP,PLQ-20,EPSON,G5AY013168,,AMC,WORKING
799,11226,THIRUPPADHIRIPULIYUR,SCANNER,SCANNER,J232A,EPSON V30,KRZW008451,,AMC,WORKING
800,11245,SEMMANDALAM,UPS,UPS,UPS 3000,NUMERIC,I083206567,,AMC,WORKING
801,11241,SETHIYATHOPE,UPS,UPS,UPS 3000,NUMERIC,I083206564,,AMC,WORKING
802,11244,THOLUDUR,SWITCH,24 PORT,DX5016PS 10/100 Mbps,DAX,SD5016PS-11-44-215292,,NOT AMC,WORKING
803,11244,THOLUDUR,SWITCH,24 PORT,,NETGIRE,,,NOT AMC,WORKING
804,11244,THOLUDUR,9URACK,9URACK,9URACK WALL MOUNTING,DAX,DAX9URACK024,,AMC,WORKING
805,11244,THOLUDUR,Camera,Camera,appraiser,,,,,NOT WORKING
806,11244,THOLUDUR,Camera,Camera,casher,,,,,NOT WORKING
807,11244,THOLUDUR,Camera,Camera,customer 2,,,,,NOT WORKING
808,11244,THOLUDUR,Camera,Camera,outdoor 1,,,,,WORKING
809,11244,THOLUDUR,Camera,Camera,outdoor 2,,,,,NOT WORKING
810,11244,THOLUDUR,Camera,Camera,safe,,,,,WORKING
811,11244,THOLUDUR,COMPUTER ,CPU,VERITON M200-G41 Series,ACER,AW142GT014A522352LE,,AMC,WORKING
812,11244,THOLUDUR,COMPUTER ,CPU,VERITON M200-G41 Series,ACER,AW142GT014A522359LE,,AMC,WORKING
813,11244,THOLUDUR,COMPUTER ,CPU,Vostro 200s Seris,DELL,22BQ2BS,,AMC,WORKING
814,11244,THOLUDUR,COMPUTER ,CPU,Vostro 200s Seris,DELL,BM7S2BS,,AMC,WORKING
815,11244,THOLUDUR,COMPUTER ,CPU,Vostro 200s Seris,DELL,CM752BS,,AMC,WORKING
816,11244,THOLUDUR,PRINTER,DOT MATRIX,MSP455XLCLASSIC,TVS,KBL45D000760,,AMC,NOT WORKING
817,11244,THOLUDUR,PRINTER,DOT MATRIX,MSP455XLCLASSIC,TVS,KBL45D000797,,AMC,WORKING
818,11244,THOLUDUR,PRINTER,DOT MATRIX,MSP455XLCLASSIC,TVS,KBL45D000813,,AMC,WORKING
819,11244,THOLUDUR,COMPUTER ,MONITOR,VERITON M200-G41 Series,ACER,AOCCHDNA4700511,,AMC,WORKING
820,11244,THOLUDUR,COMPUTER ,MONITOR,DELL/CQCO8701024216,DELL,CN-OMO55F-74261-8BK-11VU,,AMC,WORKING
821,11244,THOLUDUR,COMPUTER ,MONITOR,DELL/CQCO8701024216,DELL,CN-OMO55F-74261-8BK-15LU,,AMC,WORKING
822,11244,THOLUDUR,COMPUTER ,MONITOR,DELL/CQCO8701024216,DELL,CN-OMO55F-74261-8BL-OLWU,,AMC,WORKING
823,11244,THOLUDUR,COMPUTER ,MONITOR,DELL/CQCO8701024216,DELL,CN-OMO55F-7461-8BO-9CAU,,AMC,WORKING
824,11244,THOLUDUR,PRINTER,PASS BOOK DMP,PLQ-20,EPSON,G5AY012573,,AMC,WORKING
825,11244,THOLUDUR,SCANNER,SCANNER,J232A,EPSON V30,KRZW009002,,AMC,WORKING
826,11222,SRIMUSHNAM,UPS,UPS,UPS 3000,NUMERIC,I083206560,,AMC,WORKING
827,11227,TITTAGUDI,PRINTER,DOT MATRIX,MSP 355 MARATHON,TVS,HBP3PDO00052,,AMC,
828,11227,TITTAGUDI,SWITCH,24 PORT,DX5024WS 10/100 Mbps,DAX,E5024WS-08-28-000098,,NOT AMC,WORKING
829,11227,TITTAGUDI,9URACK,9URACK,9URACK WALL MOUNTING,DAX,DAX9URACK016,,AMC,WORKING
830,11232,TITTAGUDI,9URACK,9URACK,9URACK WALL MOUNTING,DAX,DAX9URACK017,,AMC,miss
831,11232,TITTAGUDI,Camera,Camera,appraiser,,,,,WORKING
832,11232,TITTAGUDI,Camera,Camera,casher,,,,,WORKING
833,11232,TITTAGUDI,Camera,Camera,customer 2,,,,,WORKING
834,11232,TITTAGUDI,Camera,Camera,safe,,,,,WORKING
835,11227,TITTAGUDI,COMPUTER ,CPU,ACER POWER SERIES,ACER,AWP23GT619A091351LE,,AMC,WORKING
836,11227,TITTAGUDI,COMPUTER ,CPU,Vostro 200s Seris,DELL,2Q7S2BS,,AMC,WORKING
837,11227,TITTAGUDI,COMPUTER ,CPU,Vostro 200s Seris,DELL,6P7S2BS,,AMC,WORKING
838,11227,TITTAGUDI,COMPUTER ,CPU,Vostro 200s Seris,DELL,H2BQ2BS,,AMC,WORKING
839,11227,TITTAGUDI,COMPUTER ,CPU,Vostro 200s Seris,DELL,H5DS2BS,,AMC,WORKING
840,11227,TITTAGUDI,COMPUTER ,CPU,SERVER /HP ML350G6,HP,SGH949X31X,,AMC,WORKING
841,11232,TITTAGUDI,PRINTER,DOT MATRIX,Epson LQ 1310,EPSON,TRMY002921,,,WORKING
842,11227,TITTAGUDI,PRINTER,DOT MATRIX,LQ-1150II,EPSON,JSKY019377,,AMC,WORKING
843,11227,TITTAGUDI,PRINTER,DOT MATRIX,MSP455XLCLASSIC,TVS,KBL45D000786,,AMC,WORKING
844,11227,TITTAGUDI,PRINTER,DOT MATRIX,MSP455XLCLASSIC,TVS,KBL45D000820,STORE,WARRANTY,NOT WORKING
845,11227,TITTAGUDI,PRINTER,LASER,ML-1610,SAMSUNG,3967BKBZ102171W,,AMC,WORKING
846,11227,TITTAGUDI,PRINTER,LASER,ML-1640,SAMSUNG,4R67BKCQ616880L,,AMC,WORKING
847,11227,TITTAGUDI,PRINTER,LASER,ML-2245/XIP,SAMSUNG,144BKBZ300278B,,AMC,NOT WORKING
848,11227,TITTAGUDI,COMPUTER ,MONITOR,ACER POWER SERIES,ACER,ETLF408065952138114221,,AMC,WORKING
849,11227,TITTAGUDI,COMPUTER ,MONITOR,DELL/CQCO8701024216,DELL,CN-OMO55F-74261-88R-0E5S-A00,,AMC,WORKING
850,11227,TITTAGUDI,COMPUTER ,MONITOR,DELL/CQCO8701024216,DELL,CN-OMO55F-74261-8B0-9AAU,,AMC,WORKING
851,11227,TITTAGUDI,COMPUTER ,MONITOR,DELL/CQCO8701024216,DELL,CN-OMO55F-74261-8BK-131U,,AMC,WORKING
852,11227,TITTAGUDI,COMPUTER ,MONITOR,DELL/CQCO8701024216,DELL,CN-OMO55F-74261-8BK-1R8U,,AMC,WORKING
853,11227,TITTAGUDI,COMPUTER ,MONITOR,DELL/CQCO8701024216,DELL,CN-OMO55F-74261-8BK-2D9U,,AMC,WORKING
854,11227,TITTAGUDI,COMPUTER ,MONITOR,SERVER /HP ML350G6,MICROSTAR,,STORE,AMC,miss
855,11227,TITTAGUDI,PRINTER,PASS BOOK DMP,PLQ-20,EPSON,G5AY013165,,AMC,WORKING
856,11227,TITTAGUDI,SCANNER,SCANNER,J232A,EPSON V30,KRZW008356,,AMC,WORKING
857,11227,TITTAGUDI,SWITCH,SWITCH 24 PORT,TEH1224,TENDA,E1225010232000094,,WARRANTY,WORKING
858,11226,THIRUPPADHIRIPULIYUR,UPS,UPS,UPS 3000,NUMERIC,II101109424,,AMC,WORKING
859,11236,VADALORE,SWITCH,24 PORT,DX5024WS 10/100 Mbps,DAX,E5024WS-08-28-000229,,NOT AMC,WORKING
860,11236,VADALORE,9URACK,9URACK,9URACK WALL MOUNTING,DAX,DAX9URACK019,,AMC,WORKING
861,11236,VADALORE,Camera,Camera,appraiser,,,,,WORKING
862,11236,VADALORE,Camera,Camera,casher,,,,,NOT WORKING
863,11236,VADALORE,Camera,Camera,customer 2,,,,,WORKING
864,11236,VADALORE,Camera,Camera,outdoor 1,,,,,WORKING
865,11236,VADALORE,Camera,Camera,safe,,,,,WORKING
866,11236,VADALORE,COMPUTER ,CPU,ACER POWER SERIES,ACER,AWP23GT619A197666LE,,AMC,WORKING
867,11236,VADALORE,COMPUTER ,CPU,SERVER /ALTOS G330 MK2,ACER,TDR3100006004000A2EQ00,STORE,AMC,NOT WORKING
868,11236,VADALORE,COMPUTER ,CPU,Vostro 200s Seris,DELL,1WEQ2BS,,AMC,WORKING
869,11236,VADALORE,COMPUTER ,CPU,Vostro 200s Seris,DELL,C2802BS,,AMC,WORKING
870,11236,VADALORE,COMPUTER ,CPU,Vostro 200s Seris,DELL,CL4Q2BS,,AMC,WORKING
871,11236,VADALORE,COMPUTER ,CPU,Vostro 200s Seris,DELL,F5D62BS,,AMC,WORKING
872,11236,VADALORE,PRINTER,DOT MATRIX,LQ-1150II,EPSON,JSKY019282,STORE,AMC,NOT WORKING
873,11236,VADALORE,PRINTER,DOT MATRIX,MSP 355 MARATHON,TVS,HBO3PD000356,STORE,AMC,NOT WORKING
874,11236,VADALORE,PRINTER,DOT MATRIX,MSP 355 MARATHON,TVS,HBO3PD000391,,AMC,miss
875,11236,VADALORE,PRINTER,DOT MATRIX,MSP455XLCLASSIC,TVS,KBL45D000778,,AMC,WORKING
876,11236,VADALORE,PRINTER,DOT MATRIX,MSP455XLCLASSIC,TVS,KBL45D000821,STORE,AMC,NOT WORKING
877,11236,VADALORE,COMPUTER ,MONITOR,ACER POWER SERIES,ACER,ETLF408065952137F84221,,AMC,WORKING
878,11236,VADALORE,COMPUTER ,MONITOR,SERVER /ALTOS G330 MK2,ACER,X87A1HA001529,STORE,AMC,NOT WORKING
879,11236,VADALORE,COMPUTER ,MONITOR,DELL/CQCO8701024216,DELL,CN-OMO55F-74261-8B0-9JEU,,AMC,WORKING
880,11236,VADALORE,COMPUTER ,MONITOR,DELL/CQCO8701024216,DELL,CN-OMO55F-74261-8BK-11UU,,AMC,WORKING
881,11236,VADALORE,COMPUTER ,MONITOR,DELL/CQCO8701024216,DELL,CN-OMO55F-74261-8BK-121U,,AMC,WORKING
882,11236,VADALORE,COMPUTER ,MONITOR,DELL/CQCO8701024216,DELL,CN-OMO55F-74261-8BK-62GU,,AMC,WORKING
883,11236,VADALORE,PRINTER,PASS BOOK DMP,PLQ-20,EPSON,G5AY013170,,AMC,WORKING
884,11236,VADALORE,SCANNER,SCANNER,J232A,EPSON V30,KRZW008346,,AMC,WORKING
885,11236,VADALORE,SWITCH,SWITCH 24 PORT,,NETGIRE,,,WARRANTY,WORKING
886,11236,VADALORE,SWITCH,SWITCH 24 PORT,TEG1024D,TENDA,E1064011231000115,,WARRANTY,WORKING
887,11244,THOLUDUR,UPS,UPS,UPS 3000,NUMERIC,I083206566,,AMC,WORKING
888,,VADALORE,PRINTER,DOT MATRIX,Epson LQ 1310,EPSON,TRMY002913,,,
889,11252,VEPPUR,Camera,Camera,approser,,,,,WORKING
890,11252,VEPPUR,Camera,Camera,casher,,,,,WORKING
891,11252,VEPPUR,Camera,Camera,Customer,,,,,WORKING
892,11252,VEPPUR,Camera,Camera,outdoor 1,,,,,WORKING
893,11252,VEPPUR,Camera,Camera,safe,,,,,WORKING
894,11252,VEPPUR,COMPUTER ,CPU,VERITON M200-H61 Series,ACER,UDVD9SI1217C4140593,,WARRANTY,WORKING
895,11252,VEPPUR,COMPUTER ,CPU,Vostro 200s Seris,DELL,GP4Q2BS,,AMC,WORKING
896,11252,VEPPUR,PRINTER,DOT MATRIX,Epson LQ 1310,EPSON,TRMY009591,,,WORKING
897,11252,VEPPUR,COMPUTER ,MONITOR,,ACER,AOCMSR2C1252168,15',AMC,WORKING
898,11252,VEPPUR,COMPUTER ,MONITOR,,ACER,ETLE408065008053144221,,AMC,WORKING
899,11252,VEPPUR,PRINTER,PASS BOOK DMP,PLQ-20,EPSON,RJLY079926,,AMC,WORKING
900,11252,VEPPUR,SCANNER,SCANNER,,EPSON V33,VCJY003213,,WARRANTY,WORKING
901,11227,TITTAGUDI,UPS,UPS,UPS 3000,NUMERIC,I083206561,,AMC,WORKING
902,11236,VADALORE,UPS,UPS,UPS 3000,NUMERIC,I083206562,,AMC,WORKING
903,11232,VIRUDHACHALAM,Camera,Camera,appraiser,,,,,WORKING
904,11232,VIRUDHACHALAM,Camera,Camera,casher,,,,,WORKING
905,11232,VIRUDHACHALAM,Camera,Camera,Customer,,,,,WORKING
906,11232,VIRUDHACHALAM,Camera,Camera,customer 2,,,,,WORKING
907,11232,VIRUDHACHALAM,Camera,Camera,outdoor 1,,,,,WORKING
908,11232,VIRUDHACHALAM,Camera,Camera,outdoor 2,,,,,WORKING
909,11232,VIRUDHACHALAM,Camera,Camera,safe,,,,,WORKING
910,11232,VIRUDHACHALAM,COMPUTER ,CPU,ACER POWER SERIES,ACER,AWP23GT619A197703LE,,AMC,WORKING
911,11232,VIRUDHACHALAM,COMPUTER ,CPU,VERITON M200-G41 Series,ACER,NO SL,,AMC,WORKING
912,11232,VIRUDHACHALAM,COMPUTER ,CPU,Vostro 200s Seris,DELL,34DS2BS,,AMC,WORKING
913,11232,VIRUDHACHALAM,COMPUTER ,CPU,Vostro 200s Seris,DELL,43BQ2BS,mother board problem,AMC,NOT WORKING
914,11232,VIRUDHACHALAM,COMPUTER ,CPU,Vostro 200s Seris,DELL,4Q7S2BS,mother board problem,AMC,NOT WORKING
915,11232,VIRUDHACHALAM,COMPUTER ,CPU,Vostro 200s Seris,DELL,545Q2BS,,AMC,WORKING
916,11232,VIRUDHACHALAM,COMPUTER ,CPU,Vostro 200s Seris,DELL,5M7S2BS,,AMC,WORKING
917,11232,VIRUDHACHALAM,COMPUTER ,CPU,Vostro 200s Seris,DELL,64DS2BS,,AMC,WORKING
918,11232,VIRUDHACHALAM,COMPUTER ,CPU,SERVER /HP ML350G6,HP,,,AMC,WORKING
919,11232,VIRUDHACHALAM,COMPUTER ,CPU,LENOVO,LENOVO,STAND BY SYSTEM,,,WORKING
920,11232,VIRUDHACHALAM,PRINTER,DOT MATRIX,Epson LQ 1310,EPSON,TRMY009576,,,WORKING
921,11232,VIRUDHACHALAM,PRINTER,DOT MATRIX,LQ-1150II,EPSON,JSKY018241,STORE,AMC,NOT WORKING
922,11232,VIRUDHACHALAM,PRINTER,DOT MATRIX,LQ-1150II,EPSON,JSKY019376,,AMC,miss
923,11232,VIRUDHACHALAM,PRINTER,DOT MATRIX,LQ-1150II,EPSON,JSKY024365,STORE,AMC,NOT WORKING
924,11232,VIRUDHACHALAM,PRINTER,DOT MATRIX,MSP455XLCLASSIC,TVS,KBL45D000785,STORE,WARRANTY,NOT WORKING
925,11232,VIRUDHACHALAM,PRINTER,DOT MATRIX,MSP455XLCLASSIC,TVS,KBL45D000823,,WARRANTY,WORKING
926,11232,VIRUDHACHALAM,PRINTER,LASER,ML-2245/XIP,SAMSUNG,144TBKBZ30050A,,AMC,WORKING
927,11232,VIRUDHACHALAM,COMPUTER ,MONITOR,ACER POWER SERIES,ACER,ETLF408065008051D64221,,AMC,WORKING
928,11232,VIRUDHACHALAM,COMPUTER ,MONITOR,ACER POWER SERIES,ACER,ETLF408065008052EC4221,,AMC,WORKING
929,11232,VIRUDHACHALAM,COMPUTER ,MONITOR,DELL/CQCO8701024216,DELL,CN-OMO55F-74261-88R-OF3S-A00,,AMC,WORKING
930,11232,VIRUDHACHALAM,COMPUTER ,MONITOR,DELL/CQCO8701024216,DELL,CN-OMO55F-74261-8B0-88NU,,AMC,WORKING
931,11232,VIRUDHACHALAM,COMPUTER ,MONITOR,DELL/CQCO8701024216,DELL,CN-OMO55F-74261-8BK-112U,,AMC,WORKING
932,11232,VIRUDHACHALAM,COMPUTER ,MONITOR,DELL/CQCO8701024216,DELL,CN-OMO55F-74261-8BK-1OUU,,AMC,WORKING
933,11232,VIRUDHACHALAM,COMPUTER ,MONITOR,DELL/CQCO8701024216,DELL,CN-OMO55F-74261-8BK-25YU,,AMC,WORKING
934,11232,VIRUDHACHALAM,COMPUTER ,MONITOR,SERVER /HP ML350G6,MICROSTAR,196XM090600732,,AMC,WORKING
935,11232,VIRUDHACHALAM,PRINTER,PASS BOOK DMP,PLQ-20,EPSON,G5AY012554,,AMC,WORKING
936,11232,VIRUDHACHALAM,SCANNER,SCANNER,J232A,EPSON V30,KRZW009000,,AMC,WORKING
937,11232,VIRUDHACHALAM,SWITCH,SWITCH 24 PORT,TEH1224,TENDA,E1225010232000091,,WARRANTY,WORKING
938,11252,VEPPUR,UPS,UPS,UPS 3000,NUMERIC,II150301813,,WAR,WORKING
939,11232,VIRUDHACHALAM,UPS,UPS,UPS 5000,NUMERIC,II120702658,,WARRANTY,WORKING
940,11232,VIRUDHACHALAM,PRINTER,DOT MATRIX,Epson LQ 1310,EPSON,TRMY009582,,,WORKING
